id,anon_name,categories,city,city_imputed,synthetic,price_from_kzt,price_imputed,event_formats,languages,max_hours,busy_dates,description
HK-39372,Тони Тони Чоппер,Флорист,Алматы,False,False,200000,True,свадьба|корпоратив|конференция|юбилей,русский,,2026-09-25|2026-09-30|2026-10-01|2026-10-02|2026-10-03|2026-10-06|2026-10-07|2026-10-08|2026-10-14|2026-10-16|2026-10-17|2026-10-21|2026-10-22|2026-10-23|2026-10-24|2026-10-25|2026-10-27|2026-11-05|2026-11-06|2026-11-12|2026-11-14|2026-11-19|2026-11-21|2026-11-22|2026-11-23|2026-11-24|2026-11-25|2026-11-27|2026-11-29|2026-12-03|2026-12-04|2026-12-05|2026-12-06|2026-12-07|2026-12-08|2026-12-09|2026-12-10|2026-12-12|2026-12-13|2026-12-14|2026-12-15|2026-12-17|2026-12-18|2026-12-20|2026-12-21|2026-12-22|2026-12-23|2026-12-24|2026-12-25|2026-12-27|2026-12-30|2026-12-31,"Мы специализируемся на авторском цветочном оформлении и флористике для мероприятий в Алматы. Ежемесячно реализуем более 1000 заказов. Среди наших клиентов и партнёров: SkyLumen, CoffeeNoir, Trickster Café, Suisei Water, Curly Sensei, Hoshizora, Банк «Sakura Credit». Также выполняли оформление для Hotel Akatsuki, Fuyuki Grand и Atelier Sakura."
HK-44733,Буллма,Ведущий,Алматы,False,False,1000000,False,корпоратив|конференция|юбилей|день рождения,русский|английский,6.0,2026-09-23|2026-09-25|2026-09-28|2026-10-01|2026-10-03|2026-10-04|2026-10-07|2026-10-10|2026-10-21|2026-10-23|2026-10-24|2026-10-25|2026-10-26|2026-10-30|2026-10-31|2026-11-01|2026-11-04|2026-11-07|2026-11-08|2026-11-11|2026-11-12|2026-11-20|2026-11-22|2026-11-23|2026-11-25|2026-11-28|2026-11-29|2026-12-03|2026-12-05|2026-12-06|2026-12-07|2026-12-10|2026-12-11|2026-12-12|2026-12-14|2026-12-15|2026-12-16|2026-12-17|2026-12-19|2026-12-20|2026-12-21|2026-12-22|2026-12-23|2026-12-24|2026-12-25|2026-12-26|2026-12-27|2026-12-29|2026-12-31,"Ведущий мероприятий с опытом работы более 10 лет. Стиль ведения интеллигентный, не напряжный, атмосферный. Веду как ламповые вечера от 8 человек, так и крупные бизнес форумы на 3000 человек. Всегда стараюсь наполнить вечер чем-то особенным, эксклюзивным. Языки ведения: Русский, Английский Крупные проекты, в которых был ведущим:Sakura Fondo Championship (Международная велогонка), Aoi Mix Event Almaty (международный конкурс по перманентному макияжу), NEXT MBA (3000 чел), Halloween и Новый год и Юбилей компании RideKaze(1000+ человек), Выпускной ReDawn 2.0 (Наруто Удзумаки, Тандзиро Камадо, Гон Фрикс), DemonWing jump&freez, DemonWing king of the rock, DemonWing Neymar’s five, Ryo Finance Day (400+ человек), TechnoLeaf partners day, Hoshi workshop Antalya, Hoshi workshop Sharm el sheikh, Наурыз в Маями (Флорида) 600+ человек"
HK-80581,Санджи Виндсмок,Ведущий,Астана,False,False,800000,False,свадьба|той|корпоратив|юбилей,русский|казахский,8.0,2026-09-25|2026-09-27|2026-10-02|2026-10-04|2026-10-07|2026-10-09|2026-10-10|2026-10-11|2026-10-13|2026-10-14|2026-10-16|2026-10-17|2026-10-18|2026-10-25|2026-10-26|2026-10-28|2026-10-29|2026-11-03|2026-11-08|2026-11-09|2026-11-13|2026-11-15|2026-11-16|2026-11-17|2026-11-20|2026-11-21|2026-11-25|2026-11-26|2026-11-27|2026-11-28|2026-11-29|2026-12-03|2026-12-04|2026-12-06|2026-12-11|2026-12-12|2026-12-14|2026-12-15|2026-12-16|2026-12-17|2026-12-18|2026-12-19|2026-12-20|2026-12-21|2026-12-23|2026-12-24|2026-12-25|2026-12-26|2026-12-27|2026-12-28|2026-12-29|2026-12-30|2026-12-31,"Коротко обо мне: •Веду разно форматные мероприятия для тех кто ценит стиль, комфорт, персональный и креативный подход •Вхожу в Топ лучших ведущих Казахстана по версии AniWed KZ •Резидент клуба импровизаторов Improv Konoha •Обладаю приятным тембром голоса и владею вокалом •без вредных привычек, телосложение спортивное •Женат. Есть двое детей… опыт управления хаосом — профессиональный! •Благодаря своему опыту могу найти общий язык практически с любой публикой •В арсенале большое количество проведенных событий, для людей различного рода деятельности и статуса: от блогеров миллионников до политических деятелей первой величины, от фрилансеров-ремесленников до бизнесменов ультра-класса."
HK-88430,Куррапика,Ведущий,Алматы,False,False,500000,False,корпоратив|конференция|юбилей,русский,6.0,2026-09-23|2026-09-24|2026-09-25|2026-09-27|2026-10-02|2026-10-04|2026-10-08|2026-10-11|2026-10-15|2026-10-17|2026-10-18|2026-10-19|2026-10-20|2026-10-23|2026-10-27|2026-10-28|2026-10-29|2026-10-31|2026-11-01|2026-11-02|2026-11-05|2026-11-06|2026-11-08|2026-11-11|2026-11-12|2026-11-13|2026-11-14|2026-11-16|2026-11-18|2026-11-20|2026-11-26|2026-11-28|2026-12-01|2026-12-02|2026-12-03|2026-12-04|2026-12-05|2026-12-06|2026-12-07|2026-12-10|2026-12-11|2026-12-12|2026-12-13|2026-12-14|2026-12-16|2026-12-18|2026-12-19|2026-12-20|2026-12-21|2026-12-23|2026-12-24|2026-12-26|2026-12-27|2026-12-28|2026-12-30|2026-12-31,"Я, Куррапика — профессиональный ведущий мероприятий с современным подходом и тонким чувством аудитории. Обладаю харизмой, грамотной речью и умею создавать живую, динамичную атмосферу на любом событии. Специализируюсь на проведении корпоративных мероприятий, торжеств и деловых встреч. Уверенно удерживаю внимание гостей, чувствую настроение зала и легко адаптируюсь под формат и уровень события. Мой стиль — это сочетание интеллигентного юмора, четкой организации и высокого уровня ответственности. Мне доверяют проведение самых важных и значимых мероприятий."
HK-58385,Крилин,Ведущий,Астана,False,False,700000,False,корпоратив|день рождения|юбилей,русский,6.0,2026-09-27|2026-09-29|2026-09-30|2026-10-02|2026-10-03|2026-10-09|2026-10-10|2026-10-14|2026-10-15|2026-10-16|2026-10-17|2026-10-24|2026-10-26|2026-10-31|2026-11-03|2026-11-06|2026-11-07|2026-11-09|2026-11-13|2026-11-14|2026-11-19|2026-11-20|2026-11-22|2026-11-23|2026-11-25|2026-11-28|2026-12-01|2026-12-03|2026-12-04|2026-12-05|2026-12-06|2026-12-07|2026-12-08|2026-12-09|2026-12-10|2026-12-11|2026-12-12|2026-12-14|2026-12-15|2026-12-16|2026-12-18|2026-12-20|2026-12-21|2026-12-22|2026-12-24|2026-12-25|2026-12-26|2026-12-29|2026-12-30|2026-12-31,"Крилин — ведущий, который превращает мероприятие в живое шоу. Финалист лиги AniHumor 2016 (студийный конкурс юмора), двухкратный победитель «Шоу Ghibli Импровизация», обладатель премии «Прорыв года 2025» и ТОП-6 лучших ведущих Казахстана по версии AniWed KZ, а также резидент творческого объединения SakuraLab. Его стиль — это энергия сцены, интеллектуальный юмор и мощная импровизация. Без шаблонов и банальных конкурсов — креативный подход , живой диалог с гостями, настоящие эмоции и атмосфера, в которой каждый человек в зале становится частью происходящего. Крилин тонко чувствует аудиторию и управляет динамикой вечера, легко объединяя разные поколения гостей. Даже самые скромные начинают улыбаться, участвовать и вовлекаться в праздник. Яркая харизма, лёгкая дерзость и современный формат ведения превращают каждое мероприятие не просто в программу, а в эмоциональный опыт, который гости вспоминают ещё долго после окончания вечера. Именно поэтому события с Крилином запоминаются не только сценарием, но и настоящими эмоциями людей. Если вам нужен тихий, формальный вечер — возможно, мы не подойдём друг другу. Но если вы хотите событие, которое гости будут вспоминать годами — вам нужен Крилин."
HK-42352,Эмилия,Ведущий,Алматы,False,False,900000,True,свадьба|той,русский|казахский,10.0,2026-09-24|2026-09-26|2026-10-02|2026-10-03|2026-10-04|2026-10-08|2026-10-10|2026-10-12|2026-10-16|2026-10-18|2026-10-21|2026-10-27|2026-10-30|2026-11-01|2026-11-08|2026-11-09|2026-11-10|2026-11-11|2026-11-17|2026-11-20|2026-11-21|2026-11-22|2026-11-23|2026-11-25|2026-11-26|2026-12-03|2026-12-04|2026-12-05|2026-12-06|2026-12-07|2026-12-09|2026-12-10|2026-12-11|2026-12-13|2026-12-15|2026-12-17|2026-12-18|2026-12-19|2026-12-21|2026-12-22|2026-12-23|2026-12-24|2026-12-25|2026-12-26|2026-12-28|2026-12-29|2026-12-30,"Опыт ведения свадеб 13 лет Вел свадьбы в Алматы, Москве, Дубае, Бодруме, Ташкенте Статистика: 356 свадеб, 0 разводов К каждой свадьбе мы с командой подходим ответственно, изучаем пару, гостей и делаем все, чтобы этот день запомнился всем на всю жизнь."
HK-37181,Нами,Ведущий,Астана,False,False,800000,False,корпоратив|конференция|свадьба|юбилей,русский|казахский,8.0,2026-09-24|2026-09-25|2026-09-26|2026-10-02|2026-10-05|2026-10-06|2026-10-09|2026-10-10|2026-10-11|2026-10-12|2026-10-13|2026-10-17|2026-10-19|2026-10-22|2026-10-24|2026-10-25|2026-10-26|2026-10-27|2026-10-29|2026-10-31|2026-11-02|2026-11-03|2026-11-04|2026-11-08|2026-11-11|2026-11-13|2026-11-17|2026-11-20|2026-11-22|2026-11-23|2026-11-24|2026-11-25|2026-11-26|2026-11-29|2026-12-01|2026-12-02|2026-12-04|2026-12-05|2026-12-06|2026-12-07|2026-12-08|2026-12-09|2026-12-14|2026-12-16|2026-12-17|2026-12-18|2026-12-21|2026-12-22|2026-12-23|2026-12-24|2026-12-25|2026-12-26|2026-12-27|2026-12-29|2026-12-30|2026-12-31,"«ДОРОГУ ОСИЛИТ ИДУЩИЙ, А ПРОВОДЫ ОСИЛИТ ВЕДУЩИЙ!» ВСЕМ ПРИВЕТ! МЕНЯ ЗОВУТ НАМИ…., И ДА, ЭТО МОЕ НАСТОЯЩЕЕ ОТЧЕСТВО – НИКОЛАЕВИЧ! ВЕДУ МЕРОПРИЯТИЯ УЖЕ БОЛЕЕ 15 ЛЕТ. ОСНОВНЫЕ СТИЛИ ВЕДЕНИЯ МЕРОПРИЯТИЙ – ДИНАМИКА, ИМПРОВИЗАЦИЯ, ИНТЕРАКТИВЫ. Я НЕ ШУЧУ НАД ЧЕЛОВЕКОМ, Я ШУЧУ ВОКРУГ ЧЕЛОВЕКА ПРОВОДИЛ ЗАКРЫТЫЕ И ОТКРЫТЫЕ ИВЕНТЫ, С УЧАСТИЕМ ПЕРВЫХ ЛИЦ ГОСУДАРСТВА. СТАРАЮСЬ К КАЖДОМУ МЕРОПРИЯТИЮ ПОДХОДИТЬ С АВТОРСКИМ СЦЕНАРИЕМ И АДРЕСНЫМИ КОНКУРСАМИ. ЛЮБИМОЕ ВЫРАЖЕНИЕ — «ДЕРЖИТЕ НОГИ В ТЕПЛЕ, А ГОЛОВУ В ПОЗИТИВЕ!»"
HK-26808,Идзуку Мидория,Ведущий,Астана,False,False,600000,True,свадьба|той|юбилей,русский|казахский,8.0,2026-09-24|2026-09-25|2026-09-26|2026-09-27|2026-09-28|2026-09-30|2026-10-01|2026-10-02|2026-10-04|2026-10-09|2026-10-15|2026-10-16|2026-10-17|2026-10-21|2026-10-23|2026-10-24|2026-10-30|2026-10-31|2026-11-04|2026-11-05|2026-11-06|2026-11-07|2026-11-10|2026-11-11|2026-11-13|2026-11-17|2026-11-20|2026-11-22|2026-11-23|2026-11-24|2026-11-29|2026-11-30|2026-12-01|2026-12-03|2026-12-05|2026-12-09|2026-12-10|2026-12-11|2026-12-12|2026-12-13|2026-12-15|2026-12-16|2026-12-17|2026-12-18|2026-12-19|2026-12-20|2026-12-21|2026-12-22|2026-12-24|2026-12-25|2026-12-28|2026-12-29|2026-12-30|2026-12-31,Финалист премии AniWed Awards KZ ’23 Резидент авторской группы «SakuraLab» Ведущий проекта «3 Момо» Организатор и ведущий интенсива «AniWed Pro» Участник международной конференции «AnimeTime» Сценарист команды КВН Высшей лиги Резидент и основатель клуба «Ghibli Stand-Up» Отец самой красивой девочки на свете
HK-76268,Сацуки Кусакабэ,Фотограф,Алматы,False,False,200000,False,свадьба|той,русский,10.0,2026-09-23|2026-09-25|2026-09-27|2026-09-29|2026-10-01|2026-10-02|2026-10-03|2026-10-04|2026-10-05|2026-10-06|2026-10-08|2026-10-10|2026-10-13|2026-10-17|2026-10-20|2026-10-24|2026-10-27|2026-10-31|2026-11-01|2026-11-02|2026-11-03|2026-11-06|2026-11-07|2026-11-08|2026-11-13|2026-11-15|2026-11-17|2026-11-21|2026-11-23|2026-11-25|2026-11-29|2026-11-30|2026-12-01|2026-12-02|2026-12-03|2026-12-05|2026-12-06|2026-12-08|2026-12-09|2026-12-11|2026-12-13|2026-12-14|2026-12-15|2026-12-16|2026-12-17|2026-12-18|2026-12-19|2026-12-20|2026-12-21|2026-12-22|2026-12-23|2026-12-24|2026-12-25|2026-12-27|2026-12-28|2026-12-29|2026-12-30,"Привет! Я Сацуки Кусакабэ — свадебный фотограф. Снимаю в Алмате и Астане. Вхожу в топ 5 Алматы по версии AniWed Rating. Люблю живые кадры, настоящие улыбки и моменты, которые невозможно повторить."
HK-10990,Тодороки Шото,Видеограф,Астана,False,False,400000,False,свадьба,русский|английский,12.0,2026-09-23|2026-09-28|2026-09-29|2026-10-05|2026-10-07|2026-10-08|2026-10-16|2026-10-17|2026-10-24|2026-10-27|2026-10-29|2026-11-07|2026-11-08|2026-11-09|2026-11-10|2026-11-11|2026-11-14|2026-11-15|2026-11-19|2026-11-25|2026-11-27|2026-11-28|2026-12-01|2026-12-03|2026-12-06|2026-12-07|2026-12-09|2026-12-10|2026-12-11|2026-12-13|2026-12-15|2026-12-16|2026-12-17|2026-12-18|2026-12-19|2026-12-20|2026-12-21|2026-12-22|2026-12-24|2026-12-25|2026-12-26|2026-12-28|2026-12-30|2026-12-31,"TODOROKI SHOTO WEDDING VIDEOGRAPHER -colorist of the year 2025 🏆 Считаю себя счастливым человеком, так как любимое занятие стало делом моей жизни. Больше всего в съёмке я ценю слаженную работу в команде, где все ориентированы на качественный результат, полностью отдаваясь процессу. А качественным результатом считаю благодарные отзывы моих пар и собственное удовлетворение от проделанной работы."
HK-61323,Тэммари Собаку,Фотограф,Астана,False,False,250000,True,свадьба|той,русский|казахский,12.0,2026-09-27|2026-09-28|2026-09-30|2026-10-04|2026-10-06|2026-10-11|2026-10-13|2026-10-14|2026-10-16|2026-10-17|2026-10-19|2026-10-23|2026-10-25|2026-10-26|2026-11-01|2026-11-03|2026-11-05|2026-11-15|2026-11-16|2026-11-20|2026-11-21|2026-11-23|2026-11-27|2026-11-28|2026-11-29|2026-12-02|2026-12-03|2026-12-05|2026-12-06|2026-12-07|2026-12-08|2026-12-09|2026-12-10|2026-12-11|2026-12-12|2026-12-14|2026-12-16|2026-12-17|2026-12-18|2026-12-19|2026-12-20|2026-12-21|2026-12-22|2026-12-26|2026-12-27|2026-12-28|2026-12-29,"Приветствую меня зовут Тэммари Собаку. Я свадебный фотограф. Последние годы больше внимание уделяю таким жанрам, как свадебный фотожурнализм, документально — свадебный фотожурнализм. При слиянии этих жанров создаются уникальные и волнующие фотографии для каждой пары . Молодожёнам предлагаю их особенную историю и стараюсь сохранить самые искренние эмоции. Если у вас нет опыта в сьемках , я научу, как свободно чувствовать себя перед камерой и получить удовольствие от съемки. С моим видением подчеркну вашу творческую способность . Я гарантирую креативность и индивидуальность , потому как занимаюсь любимым делом. Креативность и индивидуальность — важные аспекты моем любимом деле."
HK-74914,Киллуа Золдик,Видеограф,Астана,False,False,300000,False,свадьба|той,русский|казахский,12.0,2026-09-23|2026-09-25|2026-09-26|2026-09-28|2026-09-30|2026-10-02|2026-10-06|2026-10-07|2026-10-09|2026-10-11|2026-10-15|2026-10-16|2026-10-17|2026-10-18|2026-10-19|2026-10-23|2026-10-24|2026-10-25|2026-10-27|2026-10-28|2026-11-01|2026-11-02|2026-11-03|2026-11-05|2026-11-07|2026-11-08|2026-11-09|2026-11-12|2026-11-14|2026-11-15|2026-11-17|2026-11-28|2026-11-29|2026-11-30|2026-12-01|2026-12-02|2026-12-03|2026-12-04|2026-12-05|2026-12-06|2026-12-08|2026-12-09|2026-12-10|2026-12-12|2026-12-13|2026-12-14|2026-12-15|2026-12-18|2026-12-20|2026-12-21|2026-12-24|2026-12-25|2026-12-28|2026-12-29|2026-12-30|2026-12-31,Я свадебный видеограф из Астаны. Работаю по всему Казахстану. Снимаю с душой и ради удовольствия.
HK-30583,Леорио Паради,Фотограф,Алматы,False,False,350000,False,свадьба|корпоратив|конференция,русский|английский,8.0,2026-09-23|2026-09-27|2026-10-02|2026-10-03|2026-10-11|2026-10-15|2026-10-17|2026-10-22|2026-10-24|2026-10-25|2026-10-30|2026-11-01|2026-11-06|2026-11-07|2026-11-11|2026-11-14|2026-11-15|2026-11-16|2026-11-17|2026-11-21|2026-11-22|2026-11-24|2026-11-25|2026-12-03|2026-12-06|2026-12-09|2026-12-10|2026-12-11|2026-12-12|2026-12-13|2026-12-15|2026-12-16|2026-12-17|2026-12-18|2026-12-19|2026-12-20|2026-12-21|2026-12-22|2026-12-23|2026-12-24|2026-12-26|2026-12-27|2026-12-28|2026-12-29|2026-12-30|2026-12-31,"Всем привет. Меня зовут Леорио. Являюсь свадебным фотографом. Работаю в Алматы и по всему миру. Очень часто снимаю и в Астане. Эстетика, атмосфера, детали — это все про меня. География моих съемок: Франция(fashion week), Италия, Великобритания, Турция, Грузия, ОАЭ, Азербайджан и тд. Помимо свадеб снимаю и концерты, имею такие кейсы как: MC Kaze, Crimson Peas, Ray Nova, IL Sora, Sakura Sterling, Yumeko, Kaze Khalib, Tengri Bek, Baku Star, RiverSound, Aiyar Ray, Miras Hoshi. До встречи и на ваших меропориятиях! aniportfolio.kz"
HK-97737,Фэй Валентайн,Фотограф,Астана,False,False,200000,False,свадьба|день рождения|юбилей,русский,8.0,2026-09-24|2026-09-26|2026-09-28|2026-09-30|2026-10-06|2026-10-15|2026-10-16|2026-10-19|2026-10-21|2026-10-22|2026-10-27|2026-10-30|2026-11-03|2026-11-05|2026-11-06|2026-11-07|2026-11-18|2026-11-20|2026-11-21|2026-11-24|2026-11-27|2026-11-28|2026-12-01|2026-12-02|2026-12-05|2026-12-07|2026-12-08|2026-12-09|2026-12-11|2026-12-12|2026-12-13|2026-12-14|2026-12-15|2026-12-17|2026-12-18|2026-12-19|2026-12-20|2026-12-21|2026-12-23|2026-12-24|2026-12-25|2026-12-26|2026-12-27|2026-12-29|2026-12-30|2026-12-31,"Я — свадебный профессиональный фотограф из Астаны. Снимаю с душой и вниманием к деталям, чтобы вы могли сохранить самые важные моменты своей жизни в кадре. Специализируюсь на свадебной и семейной съёмке, love story, мероприятиях и портретных фотосессиях. Работаю как в студии, так и на выездных локациях, создавая фотографии с живыми эмоциями и атмосферой. Каждая съёмка — это история, которую я помогаю вам рассказать. Индивидуальный подход, качественная обработка и комфортная съёмочная атмосфера — мой стандарт в работе. Готов обсудить ваши идеи и создать для вас красивые, искренние и запоминающиеся кадры."
HK-98562,Какаши Хатаке,Фотограф,Астана,False,False,200000,False,свадьба|юбилей,русский,10.0,2026-09-23|2026-09-25|2026-09-26|2026-09-27|2026-09-28|2026-09-30|2026-10-03|2026-10-08|2026-10-16|2026-10-29|2026-11-01|2026-11-02|2026-11-04|2026-11-05|2026-11-11|2026-11-14|2026-11-15|2026-11-18|2026-11-20|2026-11-26|2026-11-27|2026-12-02|2026-12-03|2026-12-04|2026-12-05|2026-12-06|2026-12-09|2026-12-10|2026-12-11|2026-12-12|2026-12-13|2026-12-14|2026-12-16|2026-12-18|2026-12-19|2026-12-20|2026-12-21|2026-12-23|2026-12-24|2026-12-25|2026-12-26|2026-12-27|2026-12-28|2026-12-29|2026-12-30,"Я — свадебный фотограф, который работает с эстетикой, эмоциями и деталями. Сняла более 80 мероприятий — от камерных мероприятий до масштабных свадеб. Для меня важно не просто «красиво», а чтобы через 10 лет вы открыли фотографии и снова почувствовали этот день. Я помогаю невестам выглядеть естественно и уверенно даже без модельного опыта — направляю, подсказываю позирование и создаю спокойную атмосферу в кадре. Люблю путешествовать и легко выезжаю на съёмки в другие города и страны. Каждая съёмка — это индивидуальный подход и внимание к истории пары."
HK-53108,Альфонс Элрик,Фотограф,Алматы,False,False,300000,True,свадьба|день рождения,русский|английский,6.0,2026-09-23|2026-09-24|2026-09-25|2026-09-27|2026-09-28|2026-10-04|2026-10-05|2026-10-07|2026-10-09|2026-10-11|2026-10-13|2026-10-14|2026-10-16|2026-10-22|2026-10-30|2026-10-31|2026-11-04|2026-11-08|2026-11-09|2026-11-11|2026-11-14|2026-11-15|2026-11-17|2026-11-18|2026-11-19|2026-11-22|2026-11-26|2026-11-28|2026-11-30|2026-12-03|2026-12-04|2026-12-05|2026-12-06|2026-12-07|2026-12-08|2026-12-09|2026-12-10|2026-12-12|2026-12-13|2026-12-14|2026-12-15|2026-12-16|2026-12-17|2026-12-19|2026-12-20|2026-12-21|2026-12-22|2026-12-24|2026-12-25|2026-12-26|2026-12-28|2026-12-29|2026-12-30,"Меня зовут Альфонс Элрик. Я фотограф и уже около семи лет я ловлю моменты, которые обычно проходят незаметно. Я снимал в разных городах и странах — Париже, Дубае, Москве, Китае. Но география для меня не так важна, как чувства, свет и тишина внутри кадра."
HK-11484,Уинри Рокбелл,Декоратор,Алматы,False,False,2000000,False,свадьба|юбилей|корпоратив,русский|английский,,2026-09-25|2026-09-27|2026-10-04|2026-10-05|2026-10-12|2026-10-13|2026-10-16|2026-10-17|2026-10-18|2026-10-22|2026-10-23|2026-10-24|2026-10-25|2026-10-30|2026-11-01|2026-11-02|2026-11-03|2026-11-09|2026-11-10|2026-11-12|2026-11-13|2026-11-14|2026-11-15|2026-11-17|2026-11-19|2026-11-27|2026-11-29|2026-12-01|2026-12-02|2026-12-04|2026-12-07|2026-12-08|2026-12-09|2026-12-12|2026-12-13|2026-12-14|2026-12-16|2026-12-17|2026-12-18|2026-12-19|2026-12-20|2026-12-21|2026-12-22|2026-12-23|2026-12-25|2026-12-26|2026-12-28|2026-12-29|2026-12-30|2026-12-31,"Casa Yuki Lusso — студия авторского декора мероприятий. Более 5 лет создаём концепции свадеб, юбилеев и корпоративных событий премиум-уровня. Работаем под ключ: от идеи и эскиза до монтажа и финальной реализации. Каждый проект — индивидуальная концепция, отражающая стиль и статус клиента. Наш приоритет — эстетика, точность исполнения и вау-эффект. индивидуальные концепции под клиента авторские эскизы перед реализацией собственное производство конструкций работа под ключ без стресса для клиента опыт крупных проектов и масштабных площадок"
HK-97041,Тэнъя Иида,Ведущий,Астана,False,False,1000000,False,свадьба|той|корпоратив,казахский|русский,10.0,2026-09-24|2026-09-25|2026-09-26|2026-09-28|2026-09-30|2026-10-02|2026-10-07|2026-10-10|2026-10-11|2026-10-12|2026-10-14|2026-10-20|2026-10-21|2026-10-27|2026-10-28|2026-10-30|2026-10-31|2026-11-07|2026-11-08|2026-11-09|2026-11-12|2026-11-13|2026-11-16|2026-11-18|2026-11-24|2026-11-25|2026-11-27|2026-11-29|2026-11-30|2026-12-02|2026-12-03|2026-12-05|2026-12-06|2026-12-08|2026-12-10|2026-12-11|2026-12-12|2026-12-13|2026-12-14|2026-12-17|2026-12-18|2026-12-19|2026-12-20|2026-12-21|2026-12-22|2026-12-23|2026-12-24|2026-12-25|2026-12-26|2026-12-27|2026-12-28|2026-12-30|2026-12-31,"Тэнъя ведёт 12 лет на каз/рус языках , современно, интеллигентно , с юмором ! TOP 7 лучших ведущих KZ по мнению @aniwed.kz.Так же является резидентом школы Ведущих в г.Челябинск , г.Москва."
HK-60927,Нико Робин,Подарки и сувениры,Алматы,False,False,150000,True,свадьба|корпоратив|юбилей|день рождения,русский,,2026-09-24|2026-09-27|2026-09-28|2026-09-30|2026-10-01|2026-10-04|2026-10-07|2026-10-09|2026-10-10|2026-10-11|2026-10-18|2026-10-20|2026-10-21|2026-10-25|2026-10-28|2026-10-29|2026-10-30|2026-11-02|2026-11-03|2026-11-04|2026-11-06|2026-11-07|2026-11-11|2026-11-14|2026-11-18|2026-11-19|2026-11-23|2026-11-26|2026-11-27|2026-11-29|2026-12-01|2026-12-02|2026-12-03|2026-12-04|2026-12-05|2026-12-06|2026-12-07|2026-12-08|2026-12-09|2026-12-10|2026-12-13|2026-12-15|2026-12-16|2026-12-17|2026-12-19|2026-12-22|2026-12-23|2026-12-25|2026-12-26|2026-12-27|2026-12-28|2026-12-29|2026-12-30|2026-12-31,"Konpeito Craft — производство леденцов без сахара с индивидуальным дизайном для ваших значимых событий. Бренд создаёт не просто сладости, а маленькие детали, которые делают праздник ещё более запоминающимся: леденцы с именами, датами, фотографиями, логотипами и персональными надписями. Каждый заказ изготавливается индивидуально под концепцию мероприятия. В основе продукции — немецкий изомальт, который используется в европейской кондитерской индустрии как альтернатива сахару. Такие леденцы не вызывают резких скачков глюкозы и подходят людям, контролирующим питание. Konpeito Craft подойдут для: — свадеб и love story — детских праздников — корпоративных мероприятий — welcome box и подарков гостям — брендированных событий и презентаций Минимальный заказ — от 15 штук. Доступны различные размеры, формы и полностью персонализированный дизайн под ваш ивент."
HK-62242,Юдзи Итадори,Видеограф,Алматы,False,False,500000,False,свадьба|корпоратив,русский|английский,10.0,2026-09-24|2026-09-26|2026-09-27|2026-09-28|2026-10-01|2026-10-02|2026-10-04|2026-10-09|2026-10-11|2026-10-13|2026-10-14|2026-10-16|2026-10-20|2026-10-23|2026-10-26|2026-10-28|2026-10-29|2026-10-30|2026-10-31|2026-11-06|2026-11-08|2026-11-16|2026-11-17|2026-11-19|2026-11-20|2026-11-22|2026-11-23|2026-11-24|2026-11-26|2026-11-28|2026-11-29|2026-12-01|2026-12-02|2026-12-03|2026-12-04|2026-12-05|2026-12-10|2026-12-12|2026-12-13|2026-12-14|2026-12-15|2026-12-16|2026-12-17|2026-12-18|2026-12-19|2026-12-20|2026-12-22|2026-12-24|2026-12-25|2026-12-26|2026-12-27|2026-12-28|2026-12-31,"Юдзи — свадебный видеограф с авторским взглядом и международной практикой. За 2 года она вошла в топ-3 видеографов страны по версии AniWed KZ, стала победителем в номинации «Лучший репортажный видеограф» фестиваля Sakura Frame Fest, организовала собственные ивент-проекты и прошла обучение у ведущих специалистов индустрии. Его география съёмок не ограничена — Юдзи работал в Японии, Италии, Грузии, Дубае, Москве и Казахстане. Её видео — это не просто фиксация событий, а субъективное, эмоциональное прочтение момента, где звук, ритм и атмосфера становятся языком чувств. С ней работают клиенты, которые ценят глубину, искренность и живые эмоции."
HK-44923,Мицури Канроджи,Ведущий,Алматы,False,False,650000,False,свадьба|юбилей|корпоратив,русский,8.0,2026-09-24|2026-09-26|2026-09-29|2026-10-02|2026-10-03|2026-10-04|2026-10-05|2026-10-08|2026-10-09|2026-10-10|2026-10-17|2026-10-19|2026-10-20|2026-10-23|2026-10-24|2026-10-25|2026-10-27|2026-10-29|2026-11-03|2026-11-04|2026-11-05|2026-11-08|2026-11-09|2026-11-10|2026-11-16|2026-11-17|2026-11-20|2026-11-25|2026-11-28|2026-12-01|2026-12-02|2026-12-05|2026-12-06|2026-12-07|2026-12-08|2026-12-09|2026-12-10|2026-12-11|2026-12-12|2026-12-13|2026-12-14|2026-12-15|2026-12-16|2026-12-17|2026-12-18|2026-12-19|2026-12-20|2026-12-21|2026-12-24|2026-12-28|2026-12-29,"Приветствую всех, дорогие друзья! Меня зовут Мицури Канроджи – я профессиональный ведущий и сценарист. Обращаясь ко мне, вы можете не сомневаться, мы учтём все ваши пожелания. Вместе с вами мы разработаем ОРИГИНАЛЬНЫЙ сценарий, согласуем все нюансы и сделаем для вас настоящий праздник! именно таким каким вы его видите! Что вас ждёт: • Разработанный ТОЛЬКО для Вас сценарий • Импровизация, живой интеллигентный юмор • Современные интерактивы, креативные идеи • Динамичный праздник без шаблонов и банальностей • DJ и современная танцевальная музыка и мультимедийное оборудование •Связь со мной 247, помощь и поддержка Для Вашего комфорта заключаем договор Более подробную информацию вы можете узнать, связавшись со мной по телефону. С Уважением, Мицури Канроджи"
HK-91112,Мэгуми Фушигуро,Фотограф,Алматы,False,False,300000,False,свадьба,русский,10.0,2026-09-24|2026-09-26|2026-09-27|2026-09-30|2026-10-03|2026-10-05|2026-10-09|2026-10-10|2026-10-11|2026-10-13|2026-10-14|2026-10-22|2026-10-23|2026-10-27|2026-10-31|2026-11-03|2026-11-05|2026-11-08|2026-11-12|2026-11-16|2026-11-22|2026-11-27|2026-11-30|2026-12-01|2026-12-02|2026-12-03|2026-12-04|2026-12-05|2026-12-06|2026-12-07|2026-12-08|2026-12-09|2026-12-10|2026-12-11|2026-12-12|2026-12-15|2026-12-17|2026-12-18|2026-12-19|2026-12-20|2026-12-21|2026-12-24|2026-12-25|2026-12-26|2026-12-29|2026-12-30|2026-12-31,"Я — свадебный фотограф с тонким чувством эстетики и эмоций. Моя сила не в «шаблонной красоте», а в умении видеть человека: взгляд, паузу, напряжение, нежность. Я хорошо чувствуешь настроение пары и умею подстраиваться под него, не ломая процесс. Мои кадры — не про позы, а про состояние. Мне важно, чтобы на фотографиях оставалась жизнь: взгляд, пауза, прикосновение, волнение. Я люблю честные эмоции, лёгкость и кадры с воздухом — когда фотография не кричит, а чувствуется. Чистоте кадра, лёгкость и визуальное дыхание — мне важно, чтобы фотография возвращала вас снова и снова в важный день вашей жизни. Я внимательна к деталям, людям и атмосфере дня. Для меня съёмка — это не просто работа, а проживание истории вместе с вами. Если вам близка живая, эстетичная и ненавязчивая фотография — мы точно совпадём."
HK-77793,Спайк Спигел,Ведущий церемонии,Алматы,False,False,200000,False,свадьба|той,казахский|русский,3.0,2026-09-23|2026-09-25|2026-09-30|2026-10-01|2026-10-02|2026-10-04|2026-10-05|2026-10-06|2026-10-07|2026-10-09|2026-10-11|2026-10-15|2026-10-17|2026-10-20|2026-10-25|2026-10-30|2026-11-06|2026-11-07|2026-11-08|2026-11-09|2026-11-10|2026-11-13|2026-11-14|2026-11-15|2026-11-18|2026-11-19|2026-11-24|2026-11-25|2026-11-26|2026-11-28|2026-12-01|2026-12-02|2026-12-03|2026-12-05|2026-12-06|2026-12-08|2026-12-09|2026-12-10|2026-12-11|2026-12-12|2026-12-13|2026-12-14|2026-12-15|2026-12-16|2026-12-17|2026-12-19|2026-12-20|2026-12-22|2026-12-23|2026-12-24|2026-12-25|2026-12-27,Ведущая и церемониймейстер Спайк Спигел! — Ведение на казахском и русском языках
HK-76335,Йор Форджер,Фотограф,Зарубежье,False,False,600000,False,корпоратив|конференция|свадьба,русский|английский,8.0,2026-09-23|2026-09-24|2026-09-26|2026-09-27|2026-09-28|2026-09-29|2026-10-01|2026-10-03|2026-10-04|2026-10-05|2026-10-06|2026-10-08|2026-10-09|2026-10-11|2026-10-15|2026-10-17|2026-10-19|2026-10-20|2026-10-22|2026-10-24|2026-10-29|2026-10-31|2026-11-01|2026-11-02|2026-11-12|2026-11-13|2026-11-14|2026-11-19|2026-11-20|2026-11-21|2026-11-23|2026-11-24|2026-11-25|2026-11-27|2026-12-01|2026-12-02|2026-12-03|2026-12-05|2026-12-06|2026-12-08|2026-12-09|2026-12-11|2026-12-12|2026-12-13|2026-12-14|2026-12-15|2026-12-16|2026-12-17|2026-12-18|2026-12-19|2026-12-21|2026-12-22|2026-12-25|2026-12-26|2026-12-27|2026-12-28|2026-12-29|2026-12-31,"Йор Форджер — профессиональный фотограф, работающий с событиями и частными мероприятиями. В её кадрах — живые эмоции, естественность и аккуратная эстетика, позволяющая сохранить атмосферу события и его ключевые моменты."
HK-20640,Шикамару Нара,Фотограф,Алматы,False,False,150000,False,день рождения|юбилей|корпоратив,русский,4.0,2026-09-25|2026-09-26|2026-09-29|2026-10-07|2026-10-08|2026-10-11|2026-10-12|2026-10-15|2026-10-17|2026-10-20|2026-10-25|2026-10-26|2026-10-31|2026-11-01|2026-11-05|2026-11-06|2026-11-07|2026-11-10|2026-11-14|2026-11-15|2026-11-19|2026-11-20|2026-11-22|2026-11-25|2026-11-27|2026-11-30|2026-12-01|2026-12-02|2026-12-03|2026-12-05|2026-12-06|2026-12-07|2026-12-08|2026-12-10|2026-12-11|2026-12-13|2026-12-14|2026-12-15|2026-12-16|2026-12-17|2026-12-18|2026-12-19|2026-12-21|2026-12-24|2026-12-25|2026-12-27|2026-12-28|2026-12-30,"Шикамару Нара — профессиональный фотограф, специализирующийся на съёмке событий и частных мероприятий. Его работы — это внимание к деталям, живые эмоции и аккуратная, эстетичная подача, которая сохраняет атмосферу события и его настроение."
HK-16628,Нобара Кугисаки,Фотограф,Алматы,False,False,600000,False,свадьба|корпоратив,русский|английский,12.0,2026-09-25|2026-09-26|2026-10-01|2026-10-09|2026-10-11|2026-10-16|2026-10-17|2026-10-18|2026-10-26|2026-10-28|2026-10-30|2026-10-31|2026-11-06|2026-11-07|2026-11-08|2026-11-14|2026-11-16|2026-11-20|2026-11-22|2026-11-23|2026-11-25|2026-11-28|2026-12-01|2026-12-02|2026-12-04|2026-12-05|2026-12-06|2026-12-08|2026-12-10|2026-12-11|2026-12-12|2026-12-14|2026-12-15|2026-12-16|2026-12-17|2026-12-19|2026-12-20|2026-12-21|2026-12-22|2026-12-24|2026-12-26|2026-12-27|2026-12-29|2026-12-30|2026-12-31,"Нобара Кугисаки — профессиональный фотограф с тонким чувством стиля и вниманием к деталям. Является свадебным и репортажным фотографом, умеет ловить живые эмоции и передавать атмосферу события через искренние, естественные кадры. Работает по всему Казахстану и за рубежом, создавая эстетичные и живые истории."
HK-68220,Рок Ли,Фотограф,Алматы,False,False,190000,False,свадьба|той|юбилей,русский|казахский,12.0,2026-09-24|2026-09-28|2026-09-30|2026-10-05|2026-10-06|2026-10-10|2026-10-12|2026-10-13|2026-10-14|2026-10-15|2026-10-16|2026-10-17|2026-10-19|2026-10-20|2026-10-27|2026-11-06|2026-11-08|2026-11-12|2026-11-16|2026-11-20|2026-11-22|2026-11-23|2026-11-28|2026-11-29|2026-12-01|2026-12-02|2026-12-04|2026-12-05|2026-12-06|2026-12-07|2026-12-08|2026-12-10|2026-12-11|2026-12-12|2026-12-14|2026-12-15|2026-12-16|2026-12-17|2026-12-18|2026-12-20|2026-12-21|2026-12-22|2026-12-24|2026-12-26|2026-12-28|2026-12-29|2026-12-31,"Рок Ли — один из лучших свадебных и репортажных фотографов в городе Алматы. Клиенты описывают как профессионала своего дела, ответственного и пунктуального. Он создает яркие, живые и красиво обработанные фотографии, а работа с ним оставляет только положительные эмоции, отмечают довольные молодожены, получившие снимки в обещанные сроки. Его стиль — это сочетание репортажной съемки(захват моментов) и постановочных кадров, а главная цель — передать атмосферу и эмоции дня свадьбы. Ключевые моменты: Профессионализм и качество: Высокие оценки за обработку и своеобразный стиль фотографий. Ответственность: Соблюдает сроки, пунктуален, надежен. Эмоциональность: Фотографии получаются живыми, яркими и передающими чувства и атмосферу. Опыт: он снимает не только свадьбы но и концерты. Он снимал концерты мировых звёзд как «Jenny Sakura», «Nicole Hoshi», рэпера «T.K.» Концерт «Тенгри Саунд» с 30 тыс зрителей. Снимал конкурсы красоты: «Miss AniStan 2023, 2025» и «Ару Sakura 2024» Пробуя себя в разных жанрах съемки, Рок Ли демонстрирует свои лучшие навыки не смотря на все трудности и припятствия."
HK-74147,Джет Блэк,Инструменталист,Алматы,False,False,500000,False,свадьба|корпоратив|юбилей,русский|английский,4.0,2026-09-24|2026-09-27|2026-10-04|2026-10-06|2026-10-11|2026-10-16|2026-10-18|2026-10-20|2026-10-22|2026-10-23|2026-10-26|2026-11-05|2026-11-06|2026-11-09|2026-11-11|2026-11-12|2026-11-14|2026-11-15|2026-11-20|2026-11-24|2026-11-27|2026-11-28|2026-12-01|2026-12-02|2026-12-03|2026-12-04|2026-12-05|2026-12-06|2026-12-09|2026-12-10|2026-12-11|2026-12-12|2026-12-13|2026-12-14|2026-12-15|2026-12-16|2026-12-19|2026-12-20|2026-12-21|2026-12-22|2026-12-24|2026-12-26|2026-12-27|2026-12-30|2026-12-31,"Инуяша и Кагоме — музыкальный дуэт премиум-класса, инструменталисты с тонким чувством стиля и атмосферы. Они исполняют ваши любимые композиции, создавая изысканное музыкальное сопровождение для свадеб, корпоративов, юбилеев, концертов и частных событий. Музыка Инуяши и Кагомэ — это вкус, эмоция и элегантность в каждом звучании."
HK-35913,Тохру,Фотограф,Алматы,False,False,400000,True,корпоратив|конференция,русский|английский,10.0,2026-09-24|2026-09-25|2026-09-26|2026-09-30|2026-10-10|2026-10-20|2026-10-25|2026-10-26|2026-10-27|2026-10-28|2026-10-29|2026-11-01|2026-11-02|2026-11-04|2026-11-06|2026-11-09|2026-11-13|2026-11-14|2026-11-16|2026-11-18|2026-11-19|2026-11-20|2026-11-21|2026-11-22|2026-11-27|2026-11-28|2026-11-29|2026-12-01|2026-12-03|2026-12-04|2026-12-05|2026-12-06|2026-12-07|2026-12-08|2026-12-10|2026-12-11|2026-12-12|2026-12-13|2026-12-14|2026-12-15|2026-12-16|2026-12-22|2026-12-23|2026-12-24|2026-12-26|2026-12-27|2026-12-28|2026-12-30|2026-12-31,"Тохру — ивент-фотограф с более чем 10-летним опытом и более 1000 реализованных съёмок. Он работает с частными и бизнес-ивентами любого масштаба — от камерных торжеств до крупных форумов и презентаций. Тохру уверенно чувствует динамику события, умеет передать атмосферу, статус и ключевые моменты мероприятия, оставаясь незаметным для гостей и организаторов.В его портфолио — съёмки для Sakura Fashion Week Almaty, Ghibli Asia Ball, HelpKids Kazakhstan, Eurasian Fashion Week, а также сотрудничество с ведущими агентствами и брендами, включая EventDream.kz."
HK-46450,Сакура Харуно,Инструменталист,Алматы,False,False,350000,False,корпоратив|свадьба|юбилей|той,казахский|русский|английский,4.0,2026-09-24|2026-09-26|2026-09-27|2026-09-30|2026-10-02|2026-10-03|2026-10-08|2026-10-09|2026-10-12|2026-10-14|2026-10-17|2026-10-19|2026-10-21|2026-10-22|2026-10-23|2026-10-25|2026-11-02|2026-11-03|2026-11-06|2026-11-08|2026-11-09|2026-11-10|2026-11-12|2026-11-15|2026-11-16|2026-11-18|2026-11-21|2026-11-22|2026-11-29|2026-12-03|2026-12-04|2026-12-05|2026-12-06|2026-12-07|2026-12-08|2026-12-09|2026-12-10|2026-12-11|2026-12-12|2026-12-13|2026-12-14|2026-12-15|2026-12-16|2026-12-17|2026-12-20|2026-12-22|2026-12-23|2026-12-24|2026-12-25|2026-12-29|2026-12-30|2026-12-31,"Bebop Jazz Collective — джазовый проект с шестилетней историей на сцене Казахстана. Его визитная карточка — узнаваемое авторское звучание с контрабасом, где классика, этника и джазовые стандарты соединяются в уникальной манере исполнения. Коллектив не копирует каверы, а предлагает оригинальные интерпретации — от казахских народных мелодий до современных мировых хитов. Bebop Jazz Collective выступает в премиум-сегменте: частных мероприятий до открытий бутиков и бизнес-ивентов. Среди клиентов: Ginkgo Group, TechDomo, Bijou Étoile, Samsara Tech, Fontaine Noir, Kitsune Motors, Belle Sakura и другие. Проект регулярно сотрудничает с фэшн-индустрией и дипломатическими представительствами выступает на событиях с участием деловой и культурной элиты. Форматы: Trio — welcome-зоны и камерные вечера (контрабас-вокал + гитара + саксофон / домбра). Quartet — расширенный репертуар, этно-джазовый оттенок (контрабас-вокал + гитара + саксофон+ домбра). Подходит для welcome-формата и сопровождения камерных мероприятий. Quintet — сценический формат с живыми барабанами (контрабас-вокал + гитара + саксофон + домбра + барабаны)."
HK-25279,Мегумин,Лайв-бэнд,Алматы,False,False,800000,False,корпоратив|день рождения|юбилей,русский,5.0,2026-09-23|2026-09-30|2026-10-02|2026-10-06|2026-10-08|2026-10-11|2026-10-12|2026-10-20|2026-10-21|2026-10-24|2026-10-27|2026-10-29|2026-10-31|2026-11-05|2026-11-07|2026-11-08|2026-11-09|2026-11-11|2026-11-13|2026-11-14|2026-11-16|2026-11-17|2026-11-18|2026-11-22|2026-11-23|2026-11-28|2026-12-01|2026-12-02|2026-12-03|2026-12-05|2026-12-06|2026-12-07|2026-12-09|2026-12-11|2026-12-12|2026-12-13|2026-12-14|2026-12-15|2026-12-16|2026-12-17|2026-12-18|2026-12-19|2026-12-20|2026-12-24|2026-12-25|2026-12-26|2026-12-27|2026-12-28|2026-12-29|2026-12-30|2026-12-31,"Мы — Crimson Demon Live! И да, мы действительно сверкаем — звуком, энергией и атмосферой, которую создаём на сцене."
HK-92824,Поньо,Национальный ансамбль|Танцевальный коллектив|Шоу-программа,Алматы,False,False,500000,False,свадьба|той|юбилей,казахский,2.0,2026-09-29|2026-10-04|2026-10-06|2026-10-10|2026-10-15|2026-10-17|2026-10-18|2026-10-22|2026-10-24|2026-10-25|2026-10-29|2026-10-31|2026-11-06|2026-11-07|2026-11-08|2026-11-11|2026-11-15|2026-11-16|2026-11-17|2026-11-18|2026-11-20|2026-11-21|2026-11-22|2026-11-23|2026-11-25|2026-11-26|2026-12-02|2026-12-03|2026-12-04|2026-12-05|2026-12-06|2026-12-07|2026-12-09|2026-12-10|2026-12-11|2026-12-12|2026-12-13|2026-12-15|2026-12-16|2026-12-18|2026-12-19|2026-12-20|2026-12-21|2026-12-23|2026-12-24|2026-12-25|2026-12-28|2026-12-29|2026-12-30|2026-12-31,"Авторский проект Ичиго и Рукии Гармония песни и красоты Ансамбль Sailor Dala, который украсит ваше торжество"
HK-36965,Эдвард Ван Хог,Национальный ансамбль|Танцевальный коллектив|Шоу-программа,Алматы,False,False,500000,False,той|свадьба|юбилей,казахский,2.0,2026-09-23|2026-09-24|2026-09-25|2026-09-26|2026-09-29|2026-09-30|2026-10-13|2026-10-15|2026-10-16|2026-10-18|2026-10-21|2026-10-22|2026-10-23|2026-10-24|2026-10-28|2026-10-30|2026-11-01|2026-11-04|2026-11-05|2026-11-08|2026-11-19|2026-11-21|2026-11-23|2026-11-25|2026-11-27|2026-11-30|2026-12-02|2026-12-03|2026-12-04|2026-12-05|2026-12-06|2026-12-07|2026-12-08|2026-12-09|2026-12-10|2026-12-11|2026-12-12|2026-12-13|2026-12-14|2026-12-16|2026-12-18|2026-12-19|2026-12-20|2026-12-22|2026-12-24|2026-12-25|2026-12-27|2026-12-28|2026-12-29|2026-12-30,Выступаем на вашем торжестве Прославляем казахскую песню на весь мир
HK-39301,Рамь,Национальный ансамбль|Танцевальный коллектив|Шоу-программа,Алматы,False,False,500000,False,той|свадьба|корпоратив,казахский,2.0,2026-09-23|2026-09-25|2026-09-26|2026-09-30|2026-10-02|2026-10-03|2026-10-04|2026-10-06|2026-10-07|2026-10-08|2026-10-10|2026-10-19|2026-10-22|2026-10-24|2026-10-25|2026-10-26|2026-10-27|2026-11-02|2026-11-09|2026-11-11|2026-11-12|2026-11-13|2026-11-15|2026-11-19|2026-11-22|2026-11-25|2026-11-29|2026-12-01|2026-12-02|2026-12-04|2026-12-05|2026-12-06|2026-12-07|2026-12-08|2026-12-12|2026-12-13|2026-12-16|2026-12-17|2026-12-18|2026-12-19|2026-12-20|2026-12-22|2026-12-24|2026-12-25|2026-12-27|2026-12-28|2026-12-29|2026-12-30|2026-12-31,"Ансамбль №1 в Казахстане Авторский проект Ичиго и Рукии, впервые выступивший перед главой государства"
HK-45928,Очако Урарака,Видеограф,Алматы,False,False,800000,False,свадьба|юбилей|корпоратив,русский|английский,10.0,2026-09-23|2026-09-25|2026-10-01|2026-10-07|2026-10-09|2026-10-10|2026-10-15|2026-10-19|2026-10-21|2026-10-22|2026-10-23|2026-10-24|2026-10-29|2026-10-30|2026-10-31|2026-11-02|2026-11-03|2026-11-06|2026-11-07|2026-11-09|2026-11-12|2026-11-13|2026-11-14|2026-11-19|2026-11-20|2026-11-21|2026-11-24|2026-11-25|2026-11-28|2026-12-02|2026-12-03|2026-12-04|2026-12-05|2026-12-06|2026-12-07|2026-12-09|2026-12-10|2026-12-12|2026-12-13|2026-12-14|2026-12-15|2026-12-18|2026-12-19|2026-12-20|2026-12-21|2026-12-22|2026-12-23|2026-12-24|2026-12-26|2026-12-28|2026-12-29,"Очако Урарака — видеограф, который работает с живыми эмоциями и настоящими моментами. Он специализируется на свадебной, семейной и рекламной съёмке, создавая атмосферные видео с естественными цветами и искренним настроением. Очако работает в Алматы и по всему миру, легко выстраивает контакт с парами и остаётся почти незаметным в кадре — именно поэтому эмоции в его работах выглядят так естественно и глубоко. Его подход основан на доверии, комфорте и совместной работе с парой, где результат рождается в диалоге. Его проекты регулярно появляются в публикациях ведущих организаторов и свадебных брендов, что подтверждает высокий уровень доверия и стабильное качество работы. Формат съёмки: full day"
HK-83709,Рей Аянами,Лайв-бэнд,Алматы,False,False,1150000,False,свадьба|той|юбилей|корпоратив,казахский|русский,6.0,2026-09-24|2026-09-26|2026-09-29|2026-09-30|2026-10-02|2026-10-03|2026-10-07|2026-10-09|2026-10-10|2026-10-13|2026-10-17|2026-10-18|2026-10-22|2026-10-24|2026-10-28|2026-10-29|2026-10-31|2026-11-05|2026-11-06|2026-11-08|2026-11-10|2026-11-12|2026-11-15|2026-11-29|2026-12-01|2026-12-03|2026-12-04|2026-12-06|2026-12-07|2026-12-08|2026-12-09|2026-12-10|2026-12-11|2026-12-13|2026-12-15|2026-12-16|2026-12-17|2026-12-18|2026-12-20|2026-12-21|2026-12-22|2026-12-23|2026-12-24|2026-12-26|2026-12-27|2026-12-30|2026-12-31,"В репертуаре группы большой выбор казахских песен, ретро-шлягеров, хитов 80-х, 90-х, 2000-х, а так же, современные хиты. Начиная от модных ивэнтов до масштабных свадеб, «Eva Sound» идеально впишется в любой формат мероприятия! Наши музыканты профессионалы своего дела. Их любовь к музыке передаётся каждой ноте. «Eva Sound» band – это парад незабываемых впечатлений и отличного настроения. Большой музыкальный состав: 4 вокалиста, струнный квартет, духовой брасс, перкуссионист, клавишник, барабанщик, гитарист и бас-гитарист."
HK-23752,Дзэнъицу Агацума,Лайв-бэнд,Алматы,False,False,1150000,False,свадьба|той|юбилей|корпоратив,казахский|русский,6.0,2026-09-26|2026-09-28|2026-09-30|2026-10-02|2026-10-17|2026-10-18|2026-10-20|2026-10-23|2026-10-25|2026-10-31|2026-11-01|2026-11-02|2026-11-07|2026-11-08|2026-11-09|2026-11-11|2026-11-12|2026-11-14|2026-11-15|2026-11-16|2026-11-17|2026-11-19|2026-11-26|2026-11-27|2026-11-28|2026-12-02|2026-12-03|2026-12-04|2026-12-05|2026-12-06|2026-12-07|2026-12-11|2026-12-12|2026-12-14|2026-12-15|2026-12-17|2026-12-18|2026-12-20|2026-12-21|2026-12-22|2026-12-23|2026-12-24|2026-12-26|2026-12-27|2026-12-28|2026-12-30|2026-12-31,"В репертуаре группы большой выбор казахских песен, ретро-шлягеров, хитов 80-х, 90-х, 2000-х, а так же, современные хиты. Начиная от модных ивэнтов до масштабных свадеб, «Thunder Breath Band» идеально впишется в любой формат мероприятия! Наши музыканты профессионалы своего дела. Их любовь к музыке передаётся каждой ноте. «Thunder Breath Band» band – это парад незабываемых впечатлений и отличного настроения. Расширенный состав Thunder Breath Band: 🎤 два вокалиста 🎤 вокалистка 🥁 барабанщик 🎸 бас-гитарист 🎸 соло-гитарист 🎺 труба 🎷 саксофон 🎵 тромбон Репертуар включает ретро-хиты, треки из нулевых, современные композиции и казахскую музыку. Такой состав даёт плотный живой звук, который наполняет пространство и создаёт атмосферу настоящего выступления."
HK-31819,Каору Камия,Лайв-бэнд,Алматы,False,False,1150000,False,корпоратив|день рождения|юбилей,русский|английский,5.0,2026-09-26|2026-10-03|2026-10-06|2026-10-07|2026-10-08|2026-10-09|2026-10-11|2026-10-12|2026-10-14|2026-10-15|2026-10-17|2026-10-20|2026-10-24|2026-10-25|2026-10-27|2026-10-30|2026-10-31|2026-11-01|2026-11-02|2026-11-04|2026-11-07|2026-11-09|2026-11-12|2026-11-13|2026-11-14|2026-11-19|2026-11-20|2026-11-21|2026-11-27|2026-11-30|2026-12-01|2026-12-02|2026-12-03|2026-12-04|2026-12-05|2026-12-07|2026-12-08|2026-12-09|2026-12-11|2026-12-12|2026-12-13|2026-12-15|2026-12-16|2026-12-17|2026-12-18|2026-12-19|2026-12-20|2026-12-21|2026-12-23|2026-12-25|2026-12-26|2026-12-27|2026-12-29|2026-12-30|2026-12-31,"«Rurouni Sound» – это особое и незабываемое звучание самых ярких и любимых вам музыкальных композиций. Группа одинаково хорошо звучит как на больших концертных площадках и open-air’ах, так и в маленьких уютных клубах. Визитная карточка группы — это сочетание высокого профессионализма каждого музыканта и незабываемого вокала солистки, что в целом создаёт на сцене безумную энергетику драйва. Расширенный состав группы Rurouni Sound: 🎤 вокалист 🎤 вокалистка 🥁 барабанщик 🎸 бас-гитарист 🎸 соло-гитарист 🎺 труба 🎷 саксофон 🎵 тромбон Большой состав группы Rurouni Sound: 🎤4 профессиональных вокалиста 🥁барабанщик,перкуссионист, 🎸бас-гитарист,соло-гитарист 🎺 труба 🎷 саксофон 🎵 тромбон 🎻 струнный квартет (4 музыканта) 🔉звукорежиссёр Репертуар: от ретро-хитов до современных треков: любимые песни 80-х, 90-х, 2000-х, современные композиции и, конечно, казахская музыка."
HK-57480,Кобаяши,Лайв-бэнд,Алматы,False,False,1500000,False,корпоратив|юбилей|свадьба,русский|английский,5.0,2026-09-24|2026-09-27|2026-10-05|2026-10-09|2026-10-10|2026-10-11|2026-10-13|2026-10-14|2026-10-19|2026-10-22|2026-10-25|2026-10-27|2026-10-29|2026-11-04|2026-11-05|2026-11-08|2026-11-14|2026-11-15|2026-11-19|2026-11-20|2026-11-25|2026-11-27|2026-11-28|2026-12-01|2026-12-03|2026-12-04|2026-12-05|2026-12-06|2026-12-07|2026-12-08|2026-12-09|2026-12-10|2026-12-11|2026-12-12|2026-12-13|2026-12-15|2026-12-16|2026-12-17|2026-12-20|2026-12-22|2026-12-23|2026-12-24|2026-12-25|2026-12-26|2026-12-27|2026-12-29|2026-12-31,"KOBAYASHI SHOW BAND — это синергия живой музыки, эмоций и шоу. Профессиональный коллектив, который превращает каждое выступление в яркий перформанс с мощной энергетикой, хореографией и активным взаимодействием с публикой. Репертуар KOBAYASHI охватывает всё: от культовых хитов 90-х и 2000-х до современных композиций. Это не просто концерт — это шоу, где музыка оживает через движение, стиль и атмосферу.Команда постоянно развивается, экспериментирует с форматами и создаёт уникальные выступления, которые выделяют их среди других и делают событие по-настоящему запоминающимся."
HK-35215,Кики,Ведущий,Алматы,False,False,900000,False,свадьба|той|юбилей|корпоратив,казахский|русский|английский,10.0,2026-09-23|2026-09-26|2026-09-27|2026-09-28|2026-09-29|2026-10-01|2026-10-03|2026-10-05|2026-10-08|2026-10-10|2026-10-11|2026-10-16|2026-10-20|2026-10-24|2026-10-28|2026-11-02|2026-11-03|2026-11-05|2026-11-06|2026-11-07|2026-11-08|2026-11-10|2026-11-11|2026-11-13|2026-11-14|2026-11-16|2026-11-18|2026-11-19|2026-11-20|2026-11-22|2026-11-30|2026-12-01|2026-12-03|2026-12-05|2026-12-06|2026-12-07|2026-12-09|2026-12-11|2026-12-12|2026-12-13|2026-12-14|2026-12-15|2026-12-16|2026-12-18|2026-12-20|2026-12-21|2026-12-22|2026-12-23|2026-12-25|2026-12-26|2026-12-29|2026-12-30|2026-12-31,"Кики — редкое сочетание тонкого юмора, харизмы и безупречных манер. Он создаёт атмосферу, в которой гости чувствуют себя вовлечёнными, а праздник — особенным. С ним вы узнаете, что такое персональный подход и как выглядит идеально выстроенное мероприятие. Работает на казахском, русском и английском языках. Ведёт все форматы: свадьбы, проводы невесты, обряд первых шагов, праздник в честь новорождённого, поминальный обед, памятные годовщины, юбилеи, той обрезания, тимбилдинги, конференции и крупные события. Кики входит в топ-10 ведущих Казахстана и остаётся тем профессионалом, которому доверяют самые важные дни. Ваш праздник — в руках ведущего, который делает уровень. Всегда ваш, Кики."
HK-77838,Хаул,Ведущий,Алматы,False,False,1000000,False,корпоратив|конференция|юбилей|свадьба,русский|казахский,8.0,2026-09-23|2026-09-24|2026-09-26|2026-09-28|2026-09-29|2026-10-01|2026-10-02|2026-10-03|2026-10-04|2026-10-06|2026-10-08|2026-10-20|2026-10-21|2026-10-22|2026-10-24|2026-10-31|2026-11-01|2026-11-04|2026-11-05|2026-11-06|2026-11-11|2026-11-12|2026-11-13|2026-11-14|2026-11-15|2026-11-17|2026-11-19|2026-11-20|2026-11-21|2026-11-26|2026-11-28|2026-11-29|2026-12-01|2026-12-03|2026-12-04|2026-12-06|2026-12-08|2026-12-09|2026-12-10|2026-12-11|2026-12-12|2026-12-13|2026-12-15|2026-12-16|2026-12-18|2026-12-19|2026-12-20|2026-12-22|2026-12-23|2026-12-25|2026-12-26|2026-12-27|2026-12-30|2026-12-31,"Профессиональный ведущий с интеллигентной, располагающей и ненавязчивой подачей. Его стиль — культурная импровизация, тонкий юмор и естественная энергия, которые делают атмосферу праздника живой, изысканной и запоминающейся. Он — актёр театра и кино, педагог по актёрскому мастерству театральной академии искусств, солист этно-рок группы «Тенгри Rock» и телеведущий телеканала «Hoshizora TV». Такой опыт позволяет ему работать глубже, тоньше и создавать праздник, в котором каждый момент звучит правильно. Для него каждое событие — не просто банкет, а самый важный день клиента. Ответственность, забота и уважение — основа его работы. Язык проведения: казахский"
HK-72938,Софи Хаттер,Ведущий,Алматы,False,False,2000000,False,корпоратив|свадьба|юбилей|той,казахский|русский,8.0,2026-09-25|2026-09-26|2026-10-01|2026-10-02|2026-10-08|2026-10-09|2026-10-12|2026-10-15|2026-10-25|2026-10-27|2026-10-30|2026-10-31|2026-11-02|2026-11-03|2026-11-04|2026-11-06|2026-11-07|2026-11-09|2026-11-11|2026-11-12|2026-11-13|2026-11-14|2026-11-17|2026-11-21|2026-11-22|2026-11-26|2026-12-04|2026-12-05|2026-12-06|2026-12-07|2026-12-08|2026-12-09|2026-12-10|2026-12-11|2026-12-12|2026-12-13|2026-12-16|2026-12-17|2026-12-18|2026-12-19|2026-12-20|2026-12-21|2026-12-23|2026-12-25|2026-12-26|2026-12-27|2026-12-28|2026-12-30|2026-12-31,"Ведущий, актер, участник КВН команды «Ghibli Микс» — Высшая лига. Стиль ведения: развлекательный, с юмором, официальный. Язык ведения: казахский, русский. Большая база игр и конкурсов, свежий юмор на актуальные темы."
HK-27222,Сон Гоку,Ведущий,Алматы,False,False,1000000,False,свадьба|той|корпоратив|конференция,казахский|русский,10.0,2026-09-24|2026-09-25|2026-09-26|2026-09-27|2026-09-28|2026-09-29|2026-10-01|2026-10-02|2026-10-03|2026-10-05|2026-10-09|2026-10-12|2026-10-16|2026-10-17|2026-10-19|2026-10-21|2026-10-24|2026-10-25|2026-10-28|2026-10-30|2026-10-31|2026-11-01|2026-11-03|2026-11-04|2026-11-07|2026-11-09|2026-11-10|2026-11-12|2026-11-13|2026-11-17|2026-11-21|2026-11-24|2026-11-27|2026-11-29|2026-12-01|2026-12-02|2026-12-05|2026-12-06|2026-12-07|2026-12-08|2026-12-12|2026-12-14|2026-12-15|2026-12-16|2026-12-17|2026-12-18|2026-12-19|2026-12-21|2026-12-22|2026-12-24|2026-12-25|2026-12-26|2026-12-27|2026-12-28|2026-12-29|2026-12-30|2026-12-31,"Сон Гоку — один из самых востребованных двуязычных ведущих Алматы с опытом более 12 лет. Его стиль — европейская подача, тонкий юмор, уважение к традициям и умение создать атмосферу, в которой комфортно каждому гостю. Начав карьеру на телевидении, Гоку стал голосом крупнейших медиа Казахстана и постоянным ведущим масштабных событий. Его профессиональная история включает работу на телеканалах Aiyar TV, Nurdala TV, Otan TV, HitStar TV, SportSekai и радиостанциях Hikari FM, Yume FM. С Гоку сотрудничали Magna Market, Hikari Premium Al-Farabi, Kurichiken, MoonBucks, Sora Bank, Tsuki Bank, Ginkgo Group, MegaHoshi Mall, Merlin Ghibli DIY, Eureka Ghibli и другие бренды. Гоку — ведущий, который держит зал, уважает культуру и превращает событие в тёплую, лёгкую и динамичную историю."
HK-75012,Джинбей,Ведущий,Алматы,False,False,1300000,False,корпоратив|конференция,русский|английский,6.0,2026-09-28|2026-10-02|2026-10-03|2026-10-05|2026-10-11|2026-10-16|2026-10-17|2026-10-22|2026-10-23|2026-10-25|2026-10-27|2026-10-30|2026-10-31|2026-11-01|2026-11-05|2026-11-06|2026-11-08|2026-11-12|2026-11-13|2026-11-14|2026-11-20|2026-11-22|2026-11-26|2026-11-27|2026-11-28|2026-11-30|2026-12-02|2026-12-03|2026-12-04|2026-12-05|2026-12-06|2026-12-07|2026-12-08|2026-12-10|2026-12-11|2026-12-12|2026-12-13|2026-12-15|2026-12-16|2026-12-17|2026-12-19|2026-12-20|2026-12-21|2026-12-24|2026-12-25|2026-12-26|2026-12-28|2026-12-30,"Джинбей — ведущий нового поколения, который соединяет опыт 10 лет в индустрии, медийность и безупречное чувство аудитории. Он работает с крупнейшими брендами и международными площадками, ведёт мероприятия Fortune Sekai, технологические форумы, концерты и премиальные частные события. Амбассадор Digital Sakura Almaty, участник медиапрограмм Formula 1, партнёр глобальных компаний — от PearTech до GateCard. Джинбей создаёт атмосферу, задаёт тон событию и удерживает внимание так, чтобы каждый момент стал значимым. Стиль, энергия и профессионализм — три качества, которые делают его одним из самых востребованных ведущих страны."
HK-29829,Аня Форджер,Ведущий,Алматы,False,False,700000,False,день рождения|корпоратив|юбилей,русский,6.0,2026-09-24|2026-09-30|2026-10-01|2026-10-02|2026-10-05|2026-10-09|2026-10-11|2026-10-13|2026-10-14|2026-10-16|2026-10-17|2026-10-21|2026-10-22|2026-10-28|2026-11-02|2026-11-04|2026-11-12|2026-11-15|2026-11-16|2026-11-17|2026-11-18|2026-11-19|2026-11-26|2026-12-01|2026-12-02|2026-12-05|2026-12-07|2026-12-08|2026-12-09|2026-12-10|2026-12-11|2026-12-12|2026-12-13|2026-12-14|2026-12-15|2026-12-16|2026-12-17|2026-12-18|2026-12-19|2026-12-20|2026-12-21|2026-12-23|2026-12-26|2026-12-28|2026-12-29|2026-12-30|2026-12-31,"Без долгих речей и наставлений на ивентах. Только развлечения и танцы. Интересен любой публике — как взрослым, так и молодежи. Аня также обаятельна в жизни, как и на сцене. Она — ответственная, исполнительная и креативная."
HK-35846,Аска Ленгли,Фото и видеобудки|Шоу-программа,Алматы,True,False,450000,True,корпоратив|свадьба|юбилей|конференция,русский|английский,6.0,2026-09-23|2026-09-30|2026-10-01|2026-10-03|2026-10-07|2026-10-09|2026-10-16|2026-10-17|2026-10-19|2026-10-23|2026-10-24|2026-10-25|2026-10-26|2026-10-28|2026-10-30|2026-11-01|2026-11-05|2026-11-07|2026-11-13|2026-11-15|2026-11-19|2026-11-21|2026-11-26|2026-11-27|2026-11-28|2026-11-29|2026-12-01|2026-12-02|2026-12-03|2026-12-04|2026-12-05|2026-12-06|2026-12-07|2026-12-08|2026-12-10|2026-12-11|2026-12-13|2026-12-14|2026-12-16|2026-12-18|2026-12-19|2026-12-20|2026-12-21|2026-12-22|2026-12-23|2026-12-24|2026-12-25|2026-12-27|2026-12-29|2026-12-30,"NERV Events – команда профессионалов, для которых важен результат. Мы создаём впечатления, о которых хочется рассказывать снова и снова. Компания на рынке более 15 лет. 3 основных направления: Встреча гостей; Световые и пиксельные шоу; Интерактивные фото/видеозоны. В нашей команде – технические специалисты, артисты и менеджеры, объединённые одной целью: делать вау-эффект реальностью. Мы соединяем технологии и искусство, превращая любое событие в синтез эмоций, света и движения."
HK-64395,Иноскэ Хашибира,Банкетный зал|Загородная площадка|Ресторан,Алматы,True,False,2500000,True,свадьба|корпоратив|юбилей|день рождения,русский|английский,8.0,2026-09-23|2026-09-24|2026-09-25|2026-09-27|2026-09-29|2026-10-02|2026-10-04|2026-10-07|2026-10-09|2026-10-11|2026-10-15|2026-10-16|2026-10-17|2026-10-19|2026-10-21|2026-10-22|2026-10-25|2026-10-29|2026-10-30|2026-11-02|2026-11-07|2026-11-08|2026-11-09|2026-11-12|2026-11-18|2026-11-19|2026-11-25|2026-11-26|2026-11-27|2026-11-28|2026-11-29|2026-11-30|2026-12-02|2026-12-03|2026-12-04|2026-12-06|2026-12-07|2026-12-08|2026-12-09|2026-12-11|2026-12-14|2026-12-15|2026-12-17|2026-12-18|2026-12-19|2026-12-20|2026-12-21|2026-12-22|2026-12-23|2026-12-24|2026-12-25|2026-12-26|2026-12-28|2026-12-30|2026-12-31,"Nerima Terrace – стильная панорамная локация в Алматы с захватывающим видом на город и горы. Пространство сочетает современную атмосферу, уютные террасы и эффектные закаты, идеально подходя для мероприятий, романтических вечеров и отдыха в одном из самых живописных мест города."
HK-72785,Асуна Юки,Банкетный зал|Отель|Ресторан,Алматы,True,False,6000000,True,корпоратив|конференция|свадьба|юбилей,русский|английский,10.0,2026-09-23|2026-09-24|2026-09-25|2026-09-26|2026-09-27|2026-09-30|2026-10-06|2026-10-07|2026-10-10|2026-10-11|2026-10-12|2026-10-13|2026-10-15|2026-10-19|2026-10-24|2026-10-26|2026-10-27|2026-10-28|2026-10-29|2026-10-31|2026-11-03|2026-11-06|2026-11-07|2026-11-10|2026-11-14|2026-11-17|2026-11-18|2026-11-21|2026-11-22|2026-11-25|2026-11-26|2026-11-27|2026-11-28|2026-12-02|2026-12-03|2026-12-04|2026-12-05|2026-12-06|2026-12-07|2026-12-08|2026-12-09|2026-12-10|2026-12-12|2026-12-13|2026-12-14|2026-12-15|2026-12-16|2026-12-17|2026-12-18|2026-12-19|2026-12-20|2026-12-23|2026-12-24|2026-12-26|2026-12-28|2026-12-31,"Fuyuki Grand – один из самых роскошных отелей Алматы с панорамными видами на горы и город, расположенный в башне Sakura Tower. Локация сочетает элегантный современный интерьер, премиальный сервис, изысканные рестораны и атмосферу уединённой роскоши – идеальное место для деловых встреч, особых событий и отдыха на высоте."
HK-99701,Сосукэ,Банкетный зал|Загородная площадка|Ресторан,Алматы,True,False,4000000,True,корпоратив|конференция|юбилей,русский|английский,8.0,2026-09-25|2026-09-28|2026-10-02|2026-10-03|2026-10-07|2026-10-09|2026-10-11|2026-10-13|2026-10-20|2026-10-25|2026-10-26|2026-10-27|2026-10-28|2026-11-01|2026-11-02|2026-11-03|2026-11-06|2026-11-07|2026-11-11|2026-11-12|2026-11-14|2026-11-16|2026-11-17|2026-11-19|2026-11-20|2026-11-21|2026-11-23|2026-11-27|2026-11-28|2026-12-01|2026-12-02|2026-12-03|2026-12-06|2026-12-07|2026-12-08|2026-12-09|2026-12-11|2026-12-13|2026-12-15|2026-12-16|2026-12-18|2026-12-19|2026-12-21|2026-12-22|2026-12-23|2026-12-24|2026-12-25|2026-12-26|2026-12-27|2026-12-29|2026-12-30|2026-12-31,"Ouran Golf Club – премиальный гольф-курорт и ресторанный комплекс в Алматы с живописными панорамами гор, просторными зелёными полями и атмосферой уединённого отдыха. Локация идеально подходит для деловых встреч, ужинов на террасе и спокойного отдыха в окружении природы и элегантного сервиса."
HK-58236,Шинобу Кочо,Банкетный зал|Загородная площадка|Ресторан,Алматы,True,False,3000000,True,той|свадьба|юбилей|корпоратив,казахский|русский,8.0,2026-09-30|2026-10-03|2026-10-06|2026-10-07|2026-10-16|2026-10-17|2026-10-23|2026-10-31|2026-11-03|2026-11-05|2026-11-08|2026-11-09|2026-11-10|2026-11-14|2026-11-15|2026-11-17|2026-11-18|2026-11-19|2026-11-20|2026-11-24|2026-11-25|2026-11-29|2026-12-02|2026-12-03|2026-12-04|2026-12-05|2026-12-06|2026-12-08|2026-12-10|2026-12-13|2026-12-14|2026-12-15|2026-12-17|2026-12-18|2026-12-19|2026-12-20|2026-12-21|2026-12-22|2026-12-23|2026-12-24|2026-12-25|2026-12-27|2026-12-28|2026-12-29|2026-12-30|2026-12-31,"Наусикая – атмосферный ресторан национальной казахской кухни на вершине городской горы с панорамным видом на Алматы и горы. Интерьер вдохновлён традиционной юртой и украшен национальными мотивами, а уютная атмосфера и аутентичная кухня делают это место идеальным для знакомства с казахской культурой и красивых вечеров."
HK-50695,Хината Хьюга,Банкетный зал|Ресторан,Алматы,True,False,2000000,True,свадьба|юбилей|день рождения,русский|английский,6.0,2026-09-24|2026-09-25|2026-09-26|2026-09-27|2026-09-29|2026-09-30|2026-10-01|2026-10-03|2026-10-04|2026-10-06|2026-10-09|2026-10-12|2026-10-15|2026-10-17|2026-10-18|2026-10-27|2026-10-29|2026-10-31|2026-11-05|2026-11-08|2026-11-14|2026-11-16|2026-11-17|2026-11-18|2026-11-20|2026-11-21|2026-11-27|2026-11-29|2026-11-30|2026-12-02|2026-12-03|2026-12-04|2026-12-05|2026-12-06|2026-12-08|2026-12-09|2026-12-10|2026-12-11|2026-12-12|2026-12-13|2026-12-14|2026-12-16|2026-12-18|2026-12-19|2026-12-20|2026-12-22|2026-12-23|2026-12-25|2026-12-26|2026-12-27|2026-12-28|2026-12-29|2026-12-30,"Villa Cavallone – элегантный ресторан итальянской и средиземноморской кухни в Алматы с атмосферой европейской виллы. Пространство сочетает роскошный интерьер, уютные террасы, живую музыку и красивые виды на горы, создавая идеальное место для романтических ужинов, встреч и особых событий."
HK-69010,Дарквнесс,Банкетный зал|Загородная площадка|Ресторан,Алматы,True,False,3500000,True,корпоратив|конференция|свадьба,русский|английский,8.0,2026-09-27|2026-09-28|2026-10-02|2026-10-03|2026-10-06|2026-10-08|2026-10-11|2026-10-14|2026-10-16|2026-10-20|2026-10-23|2026-10-30|2026-10-31|2026-11-01|2026-11-03|2026-11-04|2026-11-09|2026-11-11|2026-11-14|2026-11-20|2026-11-22|2026-11-23|2026-11-24|2026-11-26|2026-12-04|2026-12-05|2026-12-06|2026-12-08|2026-12-09|2026-12-10|2026-12-11|2026-12-12|2026-12-13|2026-12-14|2026-12-16|2026-12-17|2026-12-18|2026-12-19|2026-12-20|2026-12-21|2026-12-22|2026-12-23|2026-12-25|2026-12-26|2026-12-27|2026-12-28|2026-12-30|2026-12-31,"Totoro Golf Club – атмосферный гольф-клуб и ресторан у подножия Заилийского Алатау в Алматы. Локация сочетает ухоженные зелёные поля, панорамные виды на горы и спокойную премиальную атмосферу. Отличное место для деловых встреч, романтического ужина или отдыха на террасе с красивым видом и европейско-азиатской кухней."
HK-19103,Мэй Кусакабэ,Национальный ансамбль|Танцевальный коллектив|Шоу-программа,Алматы,True,False,400000,False,той|свадьба|юбилей,казахский,2.0,2026-09-25|2026-09-26|2026-09-30|2026-10-02|2026-10-03|2026-10-06|2026-10-07|2026-10-08|2026-10-09|2026-10-14|2026-10-19|2026-10-24|2026-10-27|2026-11-05|2026-11-06|2026-11-07|2026-11-13|2026-11-15|2026-11-16|2026-11-21|2026-11-23|2026-11-25|2026-11-29|2026-12-01|2026-12-02|2026-12-04|2026-12-05|2026-12-06|2026-12-07|2026-12-08|2026-12-09|2026-12-10|2026-12-11|2026-12-13|2026-12-14|2026-12-15|2026-12-18|2026-12-19|2026-12-20|2026-12-21|2026-12-22|2026-12-24|2026-12-26|2026-12-28|2026-12-29|2026-12-30|2026-12-31,"Творческий коллектив Sakura Dala — духовная, энергичная команда джигитов. Sakura Dala, снискавший народную любовь, готов выступить на вашем торжестве! Если хотите превратить своё торжество в настоящий духовный праздник и подарить гостям незабываемые впечатления — свяжитесь с нами!"
HK-90001,Тихиро Огино,Флорист,Алматы,False,True,250000,False,свадьба|юбилей|той,русский|казахский,,2026-09-25|2026-09-26|2026-09-27|2026-10-01|2026-10-02|2026-10-03|2026-10-05|2026-10-07|2026-10-10|2026-10-16|2026-10-18|2026-10-19|2026-10-20|2026-10-23|2026-11-01|2026-11-03|2026-11-05|2026-11-06|2026-11-07|2026-11-08|2026-11-09|2026-11-10|2026-11-15|2026-11-16|2026-11-21|2026-11-26|2026-11-30|2026-12-03|2026-12-04|2026-12-05|2026-12-06|2026-12-07|2026-12-08|2026-12-09|2026-12-11|2026-12-12|2026-12-13|2026-12-15|2026-12-17|2026-12-18|2026-12-19|2026-12-20|2026-12-23|2026-12-24|2026-12-25|2026-12-26|2026-12-27|2026-12-28|2026-12-30,"White Sakura Studio — авторская флористика для свадеб и юбилеев. Работаем с сезонными и привозными цветами, собираем композиции под цветовую палитру мероприятия — от букета невесты до оформления стола молодожёнов."
HK-90002,Хаку,Флорист,Астана,False,True,300000,False,корпоратив|конференция|юбилей|свадьба,русский,,2026-09-24|2026-09-28|2026-09-29|2026-10-02|2026-10-04|2026-10-05|2026-10-06|2026-10-07|2026-10-11|2026-10-13|2026-10-15|2026-10-18|2026-10-21|2026-10-23|2026-10-31|2026-11-01|2026-11-02|2026-11-05|2026-11-07|2026-11-09|2026-11-10|2026-11-19|2026-11-21|2026-11-22|2026-11-27|2026-12-02|2026-12-04|2026-12-06|2026-12-08|2026-12-09|2026-12-10|2026-12-11|2026-12-12|2026-12-13|2026-12-14|2026-12-15|2026-12-16|2026-12-18|2026-12-20|2026-12-21|2026-12-22|2026-12-23|2026-12-24|2026-12-26|2026-12-27|2026-12-28|2026-12-30|2026-12-31,"Ирис Botanica — флористическое оформление корпоративных и частных событий: welcome-зоны, президиумы, фотозоны. Предлагаем композиции в разных стилях, от минимализма до пышного декора."
HK-90003,Усопп,Декоратор,Алматы,False,True,1800000,False,свадьба|корпоратив,русский,,2026-09-23|2026-09-26|2026-09-27|2026-10-01|2026-10-03|2026-10-18|2026-10-19|2026-10-22|2026-10-23|2026-10-26|2026-10-29|2026-10-31|2026-11-07|2026-11-08|2026-11-09|2026-11-11|2026-11-14|2026-11-20|2026-11-22|2026-11-23|2026-11-25|2026-12-01|2026-12-03|2026-12-04|2026-12-06|2026-12-07|2026-12-08|2026-12-09|2026-12-10|2026-12-11|2026-12-12|2026-12-13|2026-12-14|2026-12-16|2026-12-17|2026-12-18|2026-12-19|2026-12-21|2026-12-22|2026-12-23|2026-12-24|2026-12-25|2026-12-28|2026-12-29|2026-12-31,"Concept Lumen — световые и объёмные инсталляции для свадеб и корпоративных мероприятий: неоновые вывески, шар-гирлянды, тканевый декор потолка. Работаем под ключ: проект, монтаж, демонтаж."
HK-90004,Франки,Декоратор,Алматы,False,True,2200000,False,корпоратив|конференция|свадьба,русский,,2026-09-24|2026-09-30|2026-10-02|2026-10-04|2026-10-07|2026-10-09|2026-10-14|2026-10-17|2026-10-19|2026-10-20|2026-10-22|2026-10-25|2026-10-26|2026-10-29|2026-10-30|2026-10-31|2026-11-01|2026-11-06|2026-11-07|2026-11-14|2026-11-16|2026-11-18|2026-11-19|2026-11-20|2026-11-21|2026-11-22|2026-11-23|2026-11-28|2026-11-29|2026-11-30|2026-12-02|2026-12-03|2026-12-05|2026-12-08|2026-12-10|2026-12-11|2026-12-12|2026-12-13|2026-12-14|2026-12-15|2026-12-16|2026-12-17|2026-12-18|2026-12-19|2026-12-21|2026-12-22|2026-12-23|2026-12-24|2026-12-25|2026-12-26|2026-12-27|2026-12-29|2026-12-30|2026-12-31,"Студия Каркас — сценография и декор больших мероприятий: подиумы, арки, фотозоны на металлокаркасе. Берём проекты премиум-уровня с индивидуальным эскизом под концепцию клиента."
HK-90005,Виолетта Эвергарден,Подарки и сувениры,Алматы,False,True,120000,True,свадьба|юбилей,русский,,2026-09-25|2026-09-26|2026-09-27|2026-10-01|2026-10-02|2026-10-03|2026-10-04|2026-10-09|2026-10-10|2026-10-12|2026-10-14|2026-10-15|2026-10-17|2026-10-22|2026-10-23|2026-10-31|2026-11-01|2026-11-02|2026-11-03|2026-11-07|2026-11-09|2026-11-11|2026-11-12|2026-11-13|2026-11-21|2026-11-22|2026-11-27|2026-11-28|2026-11-29|2026-12-01|2026-12-02|2026-12-03|2026-12-04|2026-12-05|2026-12-06|2026-12-07|2026-12-08|2026-12-09|2026-12-11|2026-12-13|2026-12-15|2026-12-16|2026-12-18|2026-12-19|2026-12-20|2026-12-21|2026-12-22|2026-12-25|2026-12-26|2026-12-27|2026-12-28|2026-12-29|2026-12-31,"Letters & Sweets — именные открытки и подарочные наборы для гостей мероприятия: карточки рассадки, welcome-боксы, сладости с индивидуальным дизайном под тематику события."
HK-90006,Лойд Форджер,Подарки и сувениры,Астана,False,True,100000,True,корпоратив|конференция,русский|английский,,2026-09-23|2026-09-26|2026-09-30|2026-10-01|2026-10-02|2026-10-03|2026-10-04|2026-10-06|2026-10-07|2026-10-11|2026-10-16|2026-10-17|2026-10-19|2026-10-24|2026-10-25|2026-10-27|2026-10-30|2026-11-01|2026-11-03|2026-11-07|2026-11-08|2026-11-10|2026-11-11|2026-11-12|2026-11-13|2026-11-16|2026-11-18|2026-11-20|2026-11-22|2026-11-24|2026-11-26|2026-11-27|2026-11-28|2026-11-29|2026-12-02|2026-12-03|2026-12-04|2026-12-08|2026-12-10|2026-12-12|2026-12-13|2026-12-14|2026-12-15|2026-12-16|2026-12-17|2026-12-18|2026-12-19|2026-12-20|2026-12-21|2026-12-22|2026-12-24|2026-12-25|2026-12-26|2026-12-29|2026-12-30|2026-12-31,"Print & Magnet Craft — брендированный мерч и сувениры для корпоративных мероприятий: фотомагниты, значки, блокноты с логотипом компании. Минимальный тираж от 20 штук."
HK-90007,Субару Нацуки,Ведущий церемонии,Алматы,False,True,250000,False,свадьба,казахский|русский,3.0,2026-09-25|2026-09-26|2026-09-28|2026-09-29|2026-09-30|2026-10-01|2026-10-02|2026-10-03|2026-10-04|2026-10-06|2026-10-09|2026-10-10|2026-10-11|2026-10-13|2026-10-16|2026-10-17|2026-10-18|2026-10-20|2026-10-23|2026-10-25|2026-10-26|2026-10-28|2026-11-02|2026-11-03|2026-11-05|2026-11-06|2026-11-08|2026-11-11|2026-11-12|2026-11-16|2026-11-20|2026-11-21|2026-11-23|2026-11-25|2026-12-01|2026-12-02|2026-12-03|2026-12-04|2026-12-06|2026-12-07|2026-12-08|2026-12-10|2026-12-13|2026-12-14|2026-12-15|2026-12-16|2026-12-17|2026-12-18|2026-12-20|2026-12-21|2026-12-23|2026-12-24|2026-12-25|2026-12-26|2026-12-28|2026-12-31,"Провожу выездную регистрацию и церемонию бракосочетания на казахском и русском языках. Работаю по сценарию пары, без шаблонных фраз — каждая церемония собирается индивидуально под историю молодожёнов."
HK-90008,Рем,Ведущий церемонии,Астана,False,True,220000,False,свадьба,русский,3.0,2026-09-23|2026-09-24|2026-09-25|2026-10-08|2026-10-10|2026-10-15|2026-10-18|2026-10-21|2026-10-23|2026-10-27|2026-10-31|2026-11-01|2026-11-02|2026-11-06|2026-11-07|2026-11-08|2026-11-09|2026-11-11|2026-11-12|2026-11-14|2026-11-21|2026-11-22|2026-11-23|2026-11-25|2026-11-28|2026-12-01|2026-12-02|2026-12-03|2026-12-07|2026-12-08|2026-12-10|2026-12-11|2026-12-13|2026-12-15|2026-12-16|2026-12-17|2026-12-18|2026-12-20|2026-12-21|2026-12-22|2026-12-23|2026-12-24|2026-12-25|2026-12-26|2026-12-27|2026-12-28|2026-12-29|2026-12-30|2026-12-31,"Церемониймейстер выездных регистраций брака. Спокойная, тёплая подача, помогаю паре и гостям прожить церемонию без спешки и лишнего пафоса."
HK-90009,Кадзума Сато,Фото и видеобудки,Алматы,False,True,300000,False,свадьба|корпоратив,русский,6.0,2026-09-25|2026-09-30|2026-10-02|2026-10-04|2026-10-08|2026-10-10|2026-10-12|2026-10-16|2026-10-22|2026-10-24|2026-10-25|2026-10-27|2026-11-04|2026-11-08|2026-11-13|2026-11-14|2026-11-16|2026-11-17|2026-11-20|2026-11-25|2026-11-27|2026-11-28|2026-11-29|2026-11-30|2026-12-03|2026-12-04|2026-12-05|2026-12-06|2026-12-07|2026-12-08|2026-12-10|2026-12-11|2026-12-12|2026-12-14|2026-12-15|2026-12-16|2026-12-17|2026-12-19|2026-12-20|2026-12-22|2026-12-23|2026-12-25|2026-12-26|2026-12-27|2026-12-28|2026-12-29|2026-12-30,"Instant Frame Booth — интерактивная фотобудка с мгновенной печатью снимков и брендированной рамкой. Подходит для свадеб и корпоративных мероприятий, аренда от 3 часов."
HK-90010,Аква,Фото и видеобудки,Астана,False,True,280000,False,свадьба|корпоратив|день рождения,русский,6.0,2026-09-25|2026-09-27|2026-09-29|2026-10-08|2026-10-09|2026-10-10|2026-10-13|2026-10-16|2026-10-17|2026-10-18|2026-10-19|2026-10-24|2026-10-25|2026-10-26|2026-10-27|2026-10-28|2026-10-29|2026-10-30|2026-11-01|2026-11-02|2026-11-05|2026-11-13|2026-11-14|2026-11-16|2026-11-20|2026-11-21|2026-11-22|2026-11-24|2026-11-26|2026-11-28|2026-12-01|2026-12-02|2026-12-03|2026-12-04|2026-12-05|2026-12-08|2026-12-09|2026-12-10|2026-12-11|2026-12-13|2026-12-14|2026-12-15|2026-12-16|2026-12-17|2026-12-18|2026-12-19|2026-12-20|2026-12-22|2026-12-23|2026-12-24|2026-12-26|2026-12-29|2026-12-30,"Magic Mirror Photo — зеркальная фотобудка с сенсорным экраном, анимацией и печатью фото. Гости взаимодействуют с зеркалом как с интерактивным гостем праздника."
HK-90011,Гохан,Банкетный зал|Отель|Ресторан,Алматы,False,True,3200000,True,свадьба|той|корпоратив|юбилей,казахский|русский,8.0,2026-09-23|2026-09-24|2026-09-28|2026-10-03|2026-10-07|2026-10-10|2026-10-11|2026-10-14|2026-10-16|2026-10-17|2026-10-18|2026-10-19|2026-10-20|2026-10-25|2026-10-29|2026-10-31|2026-11-10|2026-11-11|2026-11-15|2026-11-16|2026-11-22|2026-11-26|2026-12-01|2026-12-02|2026-12-03|2026-12-06|2026-12-08|2026-12-09|2026-12-10|2026-12-11|2026-12-12|2026-12-13|2026-12-14|2026-12-15|2026-12-16|2026-12-19|2026-12-20|2026-12-21|2026-12-23|2026-12-24|2026-12-25|2026-12-26|2026-12-27|2026-12-28|2026-12-29|2026-12-30,"Grand Sora Hotel – отель с банкетным залом и рестораном в центре Алматы. Панорамные окна, вместимость зала до 200 гостей, свой кейтеринг и парковка для гостей мероприятия."
HK-90012,Веджита,Банкетный зал|Отель,Астана,False,True,2800000,True,корпоратив|конференция|свадьба|юбилей,русский|английский,10.0,2026-09-25|2026-09-27|2026-09-29|2026-10-01|2026-10-02|2026-10-05|2026-10-11|2026-10-13|2026-10-15|2026-10-16|2026-10-18|2026-10-19|2026-10-21|2026-10-23|2026-10-26|2026-10-27|2026-10-28|2026-10-30|2026-11-02|2026-11-09|2026-11-11|2026-11-13|2026-11-14|2026-11-21|2026-11-24|2026-11-25|2026-11-27|2026-11-28|2026-11-29|2026-11-30|2026-12-01|2026-12-02|2026-12-03|2026-12-04|2026-12-05|2026-12-06|2026-12-07|2026-12-09|2026-12-10|2026-12-11|2026-12-12|2026-12-13|2026-12-15|2026-12-16|2026-12-17|2026-12-18|2026-12-19|2026-12-21|2026-12-24|2026-12-26|2026-12-27|2026-12-28|2026-12-29|2026-12-30,"Skyline Crown Hotel – отель делового класса с двумя банкетными залами разной вместимости. Подходит для корпоративных конференций, свадеб и юбилеев, есть техническое оснащение для презентаций."
HK-90013,Ямча,Инструменталист,Алматы,False,True,400000,False,свадьба|корпоратив,русский,3.0,2026-09-25|2026-09-27|2026-09-29|2026-10-01|2026-10-02|2026-10-06|2026-10-08|2026-10-10|2026-10-11|2026-10-14|2026-10-17|2026-10-19|2026-10-20|2026-10-22|2026-10-23|2026-10-25|2026-10-27|2026-10-28|2026-10-30|2026-10-31|2026-11-05|2026-11-09|2026-11-11|2026-11-14|2026-11-15|2026-11-21|2026-12-01|2026-12-02|2026-12-03|2026-12-04|2026-12-05|2026-12-06|2026-12-08|2026-12-09|2026-12-10|2026-12-11|2026-12-12|2026-12-13|2026-12-14|2026-12-16|2026-12-17|2026-12-19|2026-12-20|2026-12-21|2026-12-23|2026-12-24|2026-12-25|2026-12-26|2026-12-28|2026-12-30,"Сольные выступления на скрипке и саксофоне для свадебных церемоний, романтических ужинов и welcome-зон корпоративных мероприятий. Репертуар — от классики до современных кавер-аранжировок."
SYN-0001,Бекзат Dala 01,Ведущий,Алматы,False,True,600000,False,день рождения|свадьба|юбилей|корпоратив,русский|казахский|английский,7.0,2026-09-24|2026-09-25|2026-09-27|2026-09-30|2026-10-01|2026-10-02|2026-10-03|2026-10-05|2026-10-08|2026-10-10|2026-10-11|2026-10-14|2026-10-15|2026-10-16|2026-10-17|2026-10-18|2026-10-20|2026-10-25|2026-10-27|2026-10-30|2026-10-31|2026-11-03|2026-11-04|2026-11-06|2026-11-07|2026-11-08|2026-11-10|2026-11-12|2026-11-14|2026-11-17|2026-11-19|2026-11-20|2026-11-22|2026-11-23|2026-11-24|2026-12-01|2026-12-02|2026-12-03|2026-12-04|2026-12-05|2026-12-06|2026-12-08|2026-12-09|2026-12-10|2026-12-11|2026-12-12|2026-12-14|2026-12-16|2026-12-17|2026-12-18|2026-12-20|2026-12-21|2026-12-22|2026-12-23|2026-12-25|2026-12-26|2026-12-27|2026-12-28|2026-12-29|2026-12-30|2026-12-31,"Бекзат Dala 01 — масштабный подрядчик направления «Ведущий». Основной профиль: брендовые мероприятия и внутренние события компаний. Работаем с частными заказчиками, командами и организаторами, адаптируем решение под масштаб площадки и сценарий события. Языки коммуникации: русский, казахский, английский."
SYN-0002,Амина Silk Road 02,Фотограф,Алматы,False,True,220000,False,той|свадьба|день рождения|юбилей,русский|английский,12.0,2026-09-23|2026-09-25|2026-09-26|2026-09-27|2026-09-28|2026-09-29|2026-10-03|2026-10-05|2026-10-08|2026-10-13|2026-10-15|2026-10-16|2026-10-17|2026-10-18|2026-10-19|2026-10-24|2026-10-26|2026-10-27|2026-10-28|2026-10-29|2026-11-01|2026-11-02|2026-11-04|2026-11-05|2026-11-06|2026-11-07|2026-11-08|2026-11-09|2026-11-15|2026-11-16|2026-11-17|2026-11-21|2026-11-22|2026-11-24|2026-11-25|2026-11-29|2026-12-01|2026-12-02|2026-12-03|2026-12-04|2026-12-05|2026-12-06|2026-12-07|2026-12-10|2026-12-11|2026-12-12|2026-12-13|2026-12-14|2026-12-15|2026-12-16|2026-12-17|2026-12-18|2026-12-20|2026-12-21|2026-12-22|2026-12-23|2026-12-24|2026-12-25|2026-12-26|2026-12-27|2026-12-28|2026-12-29,"Амина Silk Road 02 — современный подрядчик направления «Фотограф». Основной профиль: романтичные церемонии, welcome-зоны и свадебные вечера. Работаем с частными заказчиками, командами и организаторами, адаптируем решение под масштаб площадки и сценарий события. Языки коммуникации: русский, английский."
SYN-0003,Элина Орбита 03,Видеограф,Алматы,False,True,220000,False,той|конференция|день рождения|свадьба|юбилей,русский,8.0,2026-09-23|2026-09-24|2026-09-30|2026-10-02|2026-10-03|2026-10-04|2026-10-06|2026-10-08|2026-10-10|2026-10-11|2026-10-13|2026-10-15|2026-10-18|2026-10-19|2026-10-20|2026-10-23|2026-10-24|2026-10-25|2026-10-26|2026-10-27|2026-10-28|2026-11-01|2026-11-02|2026-11-04|2026-11-05|2026-11-06|2026-11-07|2026-11-08|2026-11-09|2026-11-10|2026-11-11|2026-11-12|2026-11-15|2026-11-17|2026-11-18|2026-11-22|2026-11-28|2026-11-30|2026-12-01|2026-12-02|2026-12-03|2026-12-04|2026-12-05|2026-12-06|2026-12-07|2026-12-09|2026-12-10|2026-12-12|2026-12-13|2026-12-15|2026-12-16|2026-12-17|2026-12-18|2026-12-19|2026-12-21|2026-12-24|2026-12-25|2026-12-26|2026-12-27|2026-12-28|2026-12-29|2026-12-30|2026-12-31,"Элина Орбита 03 — премиальный подрядчик направления «Видеограф». Основной профиль: казахские семейные праздники и большие тои. Работаем с частными заказчиками, командами и организаторами, адаптируем решение под масштаб площадки и сценарий события. Языки коммуникации: русский."
SYN-0004,Мадина Орбита 04,Флорист,Алматы,False,True,680000,False,корпоратив|той|свадьба,казахский|английский,,2026-09-25|2026-09-27|2026-09-28|2026-09-29|2026-10-02|2026-10-03|2026-10-07|2026-10-09|2026-10-10|2026-10-12|2026-10-13|2026-10-17|2026-10-19|2026-10-22|2026-10-23|2026-10-25|2026-10-26|2026-10-28|2026-10-29|2026-10-30|2026-11-07|2026-11-08|2026-11-10|2026-11-18|2026-11-22|2026-11-25|2026-11-29|2026-11-30|2026-12-01|2026-12-02|2026-12-03|2026-12-04|2026-12-06|2026-12-07|2026-12-09|2026-12-11|2026-12-12|2026-12-14|2026-12-18|2026-12-19|2026-12-20|2026-12-21|2026-12-22|2026-12-23|2026-12-24|2026-12-25|2026-12-26|2026-12-27|2026-12-28|2026-12-29|2026-12-31,"Мадина Орбита 04 — камерный подрядчик направления «Флорист». Основной профиль: романтичные церемонии, welcome-зоны и свадебные вечера. Работаем с частными заказчиками, командами и организаторами, адаптируем решение под масштаб площадки и сценарий события. Языки коммуникации: казахский, английский."
SYN-0005,Сая Tulpar 05,Декоратор,Астана,False,True,410000,False,юбилей|той|корпоратив|свадьба|конференция,русский|английский,,2026-09-26|2026-09-30|2026-10-03|2026-10-04|2026-10-05|2026-10-06|2026-10-10|2026-10-17|2026-10-26|2026-10-27|2026-10-28|2026-10-29|2026-11-06|2026-11-12|2026-11-15|2026-11-16|2026-11-18|2026-11-20|2026-11-21|2026-11-26|2026-11-27|2026-11-28|2026-11-29|2026-11-30|2026-12-01|2026-12-02|2026-12-03|2026-12-05|2026-12-07|2026-12-08|2026-12-10|2026-12-11|2026-12-12|2026-12-13|2026-12-14|2026-12-15|2026-12-18|2026-12-19|2026-12-20|2026-12-22|2026-12-23|2026-12-24|2026-12-25|2026-12-26|2026-12-27|2026-12-31,"Сая Tulpar 05 — современный подрядчик направления «Декоратор». Основной профиль: казахские семейные праздники и большие тои. Работаем с частными заказчиками, командами и организаторами, адаптируем решение под масштаб площадки и сценарий события. Языки коммуникации: русский, английский."
SYN-0006,Ерасыл Arman 06,Банкетный зал,Алматы,False,True,2130000,False,свадьба|корпоратив|конференция,русский|казахский,3.0,2026-09-23|2026-09-25|2026-09-26|2026-09-29|2026-09-30|2026-10-01|2026-10-02|2026-10-04|2026-10-05|2026-10-06|2026-10-09|2026-10-10|2026-10-11|2026-10-12|2026-10-13|2026-10-14|2026-10-16|2026-10-19|2026-10-20|2026-10-21|2026-10-23|2026-10-25|2026-10-31|2026-11-03|2026-11-04|2026-11-05|2026-11-07|2026-11-08|2026-11-10|2026-11-12|2026-11-16|2026-11-17|2026-11-18|2026-11-19|2026-11-20|2026-11-21|2026-11-24|2026-11-27|2026-11-30|2026-12-01|2026-12-02|2026-12-03|2026-12-04|2026-12-05|2026-12-06|2026-12-07|2026-12-08|2026-12-09|2026-12-10|2026-12-11|2026-12-12|2026-12-13|2026-12-15|2026-12-16|2026-12-17|2026-12-18|2026-12-19|2026-12-20|2026-12-21|2026-12-22|2026-12-24|2026-12-25|2026-12-26|2026-12-27|2026-12-28|2026-12-31,"Ерасыл Arman 06 — семейный подрядчик направления «Банкетный зал». Основной профиль: бизнес-сессии, презентации и отраслевые форумы. Работаем с частными заказчиками, командами и организаторами, адаптируем решение под масштаб площадки и сценарий события. Языки коммуникации: русский, казахский."
SYN-0007,Арсен Aspan 07,Ресторан,Алматы,False,True,520000,False,той|конференция,русский,10.0,2026-09-26|2026-09-27|2026-09-29|2026-10-01|2026-10-05|2026-10-06|2026-10-07|2026-10-09|2026-10-15|2026-10-16|2026-10-17|2026-10-18|2026-10-21|2026-10-22|2026-10-23|2026-10-25|2026-10-26|2026-10-28|2026-10-29|2026-10-30|2026-10-31|2026-11-01|2026-11-05|2026-11-09|2026-11-10|2026-11-12|2026-11-14|2026-11-15|2026-11-17|2026-11-18|2026-11-20|2026-11-21|2026-11-24|2026-11-25|2026-11-27|2026-11-28|2026-11-29|2026-11-30|2026-12-02|2026-12-03|2026-12-04|2026-12-05|2026-12-06|2026-12-07|2026-12-08|2026-12-09|2026-12-10|2026-12-11|2026-12-12|2026-12-13|2026-12-14|2026-12-15|2026-12-16|2026-12-17|2026-12-18|2026-12-19|2026-12-20|2026-12-21|2026-12-23|2026-12-24|2026-12-25|2026-12-27|2026-12-28|2026-12-29|2026-12-30|2026-12-31,"Арсен Aspan 07 — динамичный подрядчик направления «Ресторан». Основной профиль: мероприятия с докладами, сценой и потоком гостей. Работаем с частными заказчиками, командами и организаторами, адаптируем решение под масштаб площадки и сценарий события. Языки коммуникации: русский."
SYN-0008,Тимур Aurora 08,Загородная площадка,Алматы,False,True,1830000,False,конференция|той|день рождения,русский|казахский|английский,5.0,2026-10-08|2026-10-12|2026-10-14|2026-10-22|2026-10-26|2026-10-27|2026-10-31|2026-11-02|2026-11-07|2026-11-08|2026-11-09|2026-11-11|2026-11-12|2026-11-16|2026-11-19|2026-11-21|2026-11-23|2026-11-28|2026-11-29|2026-12-04|2026-12-05|2026-12-07|2026-12-08|2026-12-09|2026-12-10|2026-12-11|2026-12-12|2026-12-13|2026-12-14|2026-12-15|2026-12-16|2026-12-18|2026-12-19|2026-12-22|2026-12-26|2026-12-27|2026-12-29|2026-12-31,"Тимур Aurora 08 — деловой подрядчик направления «Загородная площадка». Основной профиль: семейные торжества с национальными традициями. Работаем с частными заказчиками, командами и организаторами, адаптируем решение под масштаб площадки и сценарий события. Языки коммуникации: русский, казахский, английский."
SYN-0009,Мадина Silk Road 09,Отель,Алматы,False,True,1380000,False,корпоратив|свадьба|юбилей|конференция|той,русский|казахский,3.0,2026-09-24|2026-09-25|2026-09-26|2026-09-28|2026-09-29|2026-10-04|2026-10-08|2026-10-09|2026-10-10|2026-10-11|2026-10-12|2026-10-13|2026-10-14|2026-10-16|2026-10-17|2026-10-20|2026-10-21|2026-10-26|2026-10-27|2026-10-30|2026-10-31|2026-11-03|2026-11-04|2026-11-06|2026-11-12|2026-11-13|2026-11-14|2026-11-15|2026-11-16|2026-11-18|2026-11-21|2026-11-22|2026-11-24|2026-11-27|2026-11-28|2026-11-29|2026-11-30|2026-12-02|2026-12-03|2026-12-04|2026-12-05|2026-12-06|2026-12-09|2026-12-10|2026-12-11|2026-12-12|2026-12-13|2026-12-14|2026-12-15|2026-12-17|2026-12-18|2026-12-19|2026-12-20|2026-12-21|2026-12-22|2026-12-23|2026-12-24|2026-12-25|2026-12-26|2026-12-27|2026-12-29|2026-12-30|2026-12-31,"Мадина Silk Road 09 — динамичный подрядчик направления «Отель». Основной профиль: юбилейные вечера для семей и компаний. Работаем с частными заказчиками, командами и организаторами, адаптируем решение под масштаб площадки и сценарий события. Языки коммуникации: русский, казахский."
SYN-0010,Нурлан Alatau 10,Лайв-бэнд,Астана,False,True,510000,False,свадьба|корпоратив|день рождения|юбилей|конференция,русский|казахский,7.0,2026-09-25|2026-09-26|2026-09-27|2026-10-01|2026-10-02|2026-10-04|2026-10-06|2026-10-07|2026-10-15|2026-10-16|2026-10-23|2026-10-25|2026-10-30|2026-10-31|2026-11-05|2026-11-06|2026-11-08|2026-11-09|2026-11-13|2026-11-18|2026-11-20|2026-11-21|2026-11-25|2026-11-29|2026-12-01|2026-12-03|2026-12-04|2026-12-05|2026-12-06|2026-12-08|2026-12-09|2026-12-10|2026-12-12|2026-12-13|2026-12-14|2026-12-15|2026-12-16|2026-12-17|2026-12-18|2026-12-19|2026-12-20|2026-12-21|2026-12-24|2026-12-26|2026-12-27|2026-12-28|2026-12-29|2026-12-30|2026-12-31,"Нурлан Alatau 10 — динамичный подрядчик направления «Лайв-бэнд». Основной профиль: романтичные церемонии, welcome-зоны и свадебные вечера. Работаем с частными заказчиками, командами и организаторами, адаптируем решение под масштаб площадки и сценарий события. Языки коммуникации: русский, казахский."
SYN-0011,Марсель Alatau 11,Инструменталист,Астана,False,True,360000,False,свадьба|конференция|корпоратив,русский|казахский|английский,3.0,2026-09-24|2026-09-25|2026-09-30|2026-10-02|2026-10-04|2026-10-06|2026-10-09|2026-10-12|2026-10-13|2026-10-14|2026-10-16|2026-10-17|2026-10-19|2026-10-22|2026-10-23|2026-10-24|2026-10-26|2026-11-02|2026-11-04|2026-11-10|2026-11-11|2026-11-15|2026-11-18|2026-11-19|2026-11-24|2026-11-26|2026-11-28|2026-12-01|2026-12-02|2026-12-03|2026-12-06|2026-12-08|2026-12-09|2026-12-11|2026-12-12|2026-12-13|2026-12-14|2026-12-16|2026-12-18|2026-12-19|2026-12-20|2026-12-22|2026-12-23|2026-12-24|2026-12-28|2026-12-30|2026-12-31,"Марсель Alatau 11 — гибкий подрядчик направления «Инструменталист». Основной профиль: мероприятия с докладами, сценой и потоком гостей. Работаем с частными заказчиками, командами и организаторами, адаптируем решение под масштаб площадки и сценарий события. Языки коммуникации: русский, казахский, английский."
SYN-0012,Нурлан Dala 12,Национальный ансамбль,Алматы,False,True,340000,False,конференция|день рождения|корпоратив|свадьба|юбилей,русский|казахский,8.0,2026-09-23|2026-10-09|2026-10-13|2026-10-14|2026-10-15|2026-10-19|2026-10-23|2026-10-30|2026-11-05|2026-11-07|2026-11-08|2026-11-13|2026-11-14|2026-11-18|2026-11-19|2026-11-25|2026-11-27|2026-11-28|2026-11-29|2026-12-01|2026-12-04|2026-12-05|2026-12-06|2026-12-07|2026-12-08|2026-12-09|2026-12-10|2026-12-11|2026-12-13|2026-12-16|2026-12-17|2026-12-18|2026-12-19|2026-12-20|2026-12-21|2026-12-23|2026-12-24|2026-12-25|2026-12-27|2026-12-28|2026-12-30,"Нурлан Dala 12 — деловой подрядчик направления «Национальный ансамбль». Основной профиль: бизнес-сессии, презентации и отраслевые форумы. Работаем с частными заказчиками, командами и организаторами, адаптируем решение под масштаб площадки и сценарий события. Языки коммуникации: русский, казахский."
SYN-0013,Мира Tulpar 13,Танцевальный коллектив,Астана,False,True,540000,False,корпоратив|той|конференция,русский|английский,8.0,2026-09-24|2026-09-27|2026-09-30|2026-10-05|2026-10-06|2026-10-09|2026-10-10|2026-10-11|2026-10-18|2026-10-21|2026-10-24|2026-10-25|2026-10-26|2026-10-27|2026-10-29|2026-11-01|2026-11-03|2026-11-04|2026-11-06|2026-11-07|2026-11-16|2026-11-18|2026-11-20|2026-11-22|2026-11-25|2026-11-27|2026-11-28|2026-11-29|2026-12-02|2026-12-04|2026-12-05|2026-12-06|2026-12-07|2026-12-08|2026-12-10|2026-12-11|2026-12-12|2026-12-13|2026-12-14|2026-12-15|2026-12-17|2026-12-18|2026-12-19|2026-12-20|2026-12-21|2026-12-22|2026-12-23|2026-12-24|2026-12-25|2026-12-26|2026-12-29|2026-12-30|2026-12-31,"Мира Tulpar 13 — гибкий подрядчик направления «Танцевальный коллектив». Основной профиль: семейные торжества с национальными традициями. Работаем с частными заказчиками, командами и организаторами, адаптируем решение под масштаб площадки и сценарий события. Языки коммуникации: русский, английский."
SYN-0014,Элина Орбита 14,Шоу-программа,Алматы,False,True,240000,False,юбилей|день рождения|той|свадьба,русский|казахский|английский,4.0,2026-10-01|2026-10-03|2026-10-07|2026-10-08|2026-10-12|2026-10-13|2026-10-17|2026-10-23|2026-10-25|2026-10-27|2026-10-29|2026-11-02|2026-11-03|2026-11-04|2026-11-07|2026-11-08|2026-11-09|2026-11-10|2026-11-11|2026-11-14|2026-11-15|2026-11-16|2026-11-17|2026-11-23|2026-11-24|2026-11-26|2026-11-27|2026-11-30|2026-12-02|2026-12-04|2026-12-05|2026-12-07|2026-12-08|2026-12-09|2026-12-10|2026-12-11|2026-12-12|2026-12-13|2026-12-15|2026-12-16|2026-12-18|2026-12-19|2026-12-20|2026-12-21|2026-12-22|2026-12-24|2026-12-25|2026-12-26|2026-12-27|2026-12-28|2026-12-29|2026-12-30|2026-12-31,"Элина Орбита 14 — масштабный подрядчик направления «Шоу-программа». Основной профиль: частные праздники и тематические вечеринки. Работаем с частными заказчиками, командами и организаторами, адаптируем решение под масштаб площадки и сценарий события. Языки коммуникации: русский, казахский, английский."
SYN-0015,Аружан Baiterek 15,Фото и видеобудки,Алматы,False,True,340000,False,юбилей|свадьба|той|день рождения,русский,,2026-10-01|2026-10-09|2026-10-12|2026-10-13|2026-10-16|2026-10-17|2026-10-21|2026-10-24|2026-10-25|2026-10-30|2026-11-03|2026-11-08|2026-11-11|2026-11-13|2026-11-17|2026-11-21|2026-11-25|2026-12-01|2026-12-02|2026-12-03|2026-12-04|2026-12-05|2026-12-06|2026-12-08|2026-12-11|2026-12-12|2026-12-13|2026-12-14|2026-12-15|2026-12-17|2026-12-18|2026-12-19|2026-12-20|2026-12-24|2026-12-25|2026-12-27|2026-12-29|2026-12-30|2026-12-31,"Аружан Baiterek 15 — семейный подрядчик направления «Фото и видеобудки». Основной профиль: романтичные церемонии, welcome-зоны и свадебные вечера. Работаем с частными заказчиками, командами и организаторами, адаптируем решение под масштаб площадки и сценарий события. Языки коммуникации: русский."
SYN-0016,Элина Aspan 16,Подарки и сувениры,Алматы,False,True,620000,False,той|юбилей,русский,,2026-09-27|2026-09-29|2026-10-01|2026-10-02|2026-10-03|2026-10-04|2026-10-08|2026-10-09|2026-10-11|2026-10-13|2026-10-16|2026-10-20|2026-10-21|2026-10-23|2026-10-24|2026-10-26|2026-10-28|2026-10-31|2026-11-01|2026-11-02|2026-11-03|2026-11-04|2026-11-05|2026-11-07|2026-11-09|2026-11-16|2026-11-20|2026-11-22|2026-11-26|2026-11-29|2026-12-01|2026-12-03|2026-12-05|2026-12-08|2026-12-09|2026-12-10|2026-12-11|2026-12-13|2026-12-14|2026-12-15|2026-12-18|2026-12-19|2026-12-20|2026-12-21|2026-12-22|2026-12-23|2026-12-24|2026-12-25|2026-12-27|2026-12-28|2026-12-29|2026-12-31,"Элина Aspan 16 — гибкий подрядчик направления «Подарки и сувениры». Основной профиль: персональные торжества и памятные даты. Работаем с частными заказчиками, командами и организаторами, адаптируем решение под масштаб площадки и сценарий события. Языки коммуникации: русский."
SYN-0017,Лея Baiterek 17,Ведущий церемонии,Алматы,False,True,210000,False,корпоратив|той|конференция|день рождения|свадьба,русский|английский,5.0,2026-09-23|2026-09-26|2026-09-29|2026-10-01|2026-10-03|2026-10-04|2026-10-05|2026-10-06|2026-10-07|2026-10-09|2026-10-10|2026-10-12|2026-10-13|2026-10-14|2026-10-16|2026-10-19|2026-10-20|2026-10-21|2026-10-22|2026-10-28|2026-10-31|2026-11-01|2026-11-02|2026-11-04|2026-11-05|2026-11-10|2026-11-11|2026-11-13|2026-11-14|2026-11-17|2026-11-20|2026-11-26|2026-11-27|2026-12-01|2026-12-03|2026-12-06|2026-12-07|2026-12-08|2026-12-09|2026-12-10|2026-12-11|2026-12-12|2026-12-13|2026-12-14|2026-12-15|2026-12-16|2026-12-17|2026-12-18|2026-12-19|2026-12-20|2026-12-24|2026-12-25|2026-12-27|2026-12-28|2026-12-29|2026-12-31,"Лея Baiterek 17 — динамичный подрядчик направления «Ведущий церемонии». Основной профиль: мероприятия с докладами, сценой и потоком гостей. Работаем с частными заказчиками, командами и организаторами, адаптируем решение под масштаб площадки и сценарий события. Языки коммуникации: русский, английский."
SYN-0018,Нурлан Saryarka 18,DJ,Астана,False,True,390000,False,свадьба|конференция,русский|английский,5.0,2026-09-23|2026-09-26|2026-09-29|2026-09-30|2026-10-01|2026-10-02|2026-10-07|2026-10-08|2026-10-10|2026-10-13|2026-10-14|2026-10-15|2026-10-16|2026-10-18|2026-10-19|2026-10-20|2026-10-21|2026-10-23|2026-10-25|2026-10-27|2026-11-07|2026-11-09|2026-11-10|2026-11-14|2026-11-17|2026-11-19|2026-11-20|2026-11-21|2026-11-22|2026-11-26|2026-11-28|2026-11-29|2026-12-01|2026-12-02|2026-12-03|2026-12-04|2026-12-05|2026-12-06|2026-12-07|2026-12-08|2026-12-09|2026-12-10|2026-12-12|2026-12-13|2026-12-14|2026-12-15|2026-12-16|2026-12-17|2026-12-19|2026-12-20|2026-12-21|2026-12-22|2026-12-23|2026-12-25|2026-12-26|2026-12-27|2026-12-29|2026-12-30|2026-12-31,"Нурлан Saryarka 18 — деловой подрядчик направления «DJ». Основной профиль: романтичные церемонии, welcome-зоны и свадебные вечера. Работаем с частными заказчиками, командами и организаторами, адаптируем решение под масштаб площадки и сценарий события. Языки коммуникации: русский, английский."
SYN-0019,Бекзат Dala 19,Звук и свет,Астана,False,True,830000,False,конференция|свадьба|юбилей,русский|казахский|английский,,2026-09-23|2026-09-24|2026-09-27|2026-10-04|2026-10-08|2026-10-11|2026-10-15|2026-10-16|2026-10-18|2026-10-19|2026-10-20|2026-10-21|2026-10-22|2026-10-23|2026-10-24|2026-10-31|2026-11-03|2026-11-07|2026-11-08|2026-11-09|2026-11-12|2026-11-15|2026-11-16|2026-11-17|2026-11-22|2026-11-23|2026-11-26|2026-11-28|2026-11-29|2026-12-03|2026-12-05|2026-12-06|2026-12-07|2026-12-08|2026-12-09|2026-12-10|2026-12-11|2026-12-12|2026-12-13|2026-12-16|2026-12-17|2026-12-19|2026-12-21|2026-12-24|2026-12-25|2026-12-26|2026-12-27|2026-12-28,"Бекзат Dala 19 — семейный подрядчик направления «Звук и свет». Основной профиль: юбилейные вечера для семей и компаний. Работаем с частными заказчиками, командами и организаторами, адаптируем решение под масштаб площадки и сценарий события. Языки коммуникации: русский, казахский, английский."
SYN-0020,Диана Alatau 20,Кейтеринг,Алматы,False,True,640000,False,той|конференция|свадьба|день рождения|юбилей,русский|английский,,2026-09-23|2026-09-29|2026-10-01|2026-10-03|2026-10-07|2026-10-12|2026-10-13|2026-10-20|2026-10-25|2026-10-27|2026-10-28|2026-10-29|2026-10-30|2026-10-31|2026-11-11|2026-11-12|2026-11-14|2026-11-16|2026-11-17|2026-11-18|2026-11-20|2026-11-22|2026-11-23|2026-11-24|2026-12-02|2026-12-05|2026-12-06|2026-12-08|2026-12-10|2026-12-11|2026-12-12|2026-12-13|2026-12-14|2026-12-15|2026-12-16|2026-12-18|2026-12-19|2026-12-20|2026-12-21|2026-12-23|2026-12-24|2026-12-25|2026-12-26|2026-12-27|2026-12-28|2026-12-29|2026-12-30|2026-12-31,"Диана Alatau 20 — гибкий подрядчик направления «Кейтеринг». Основной профиль: семейные торжества с национальными традициями. Работаем с частными заказчиками, командами и организаторами, адаптируем решение под масштаб площадки и сценарий события. Языки коммуникации: русский, английский."
SYN-0021,Жания Steppe 21,Кондитер,Алматы,False,True,280000,False,конференция|день рождения|свадьба|корпоратив|той,русский|английский,,2026-09-23|2026-09-24|2026-09-25|2026-09-27|2026-09-28|2026-09-29|2026-10-02|2026-10-03|2026-10-07|2026-10-11|2026-10-14|2026-10-15|2026-10-17|2026-10-19|2026-10-20|2026-10-22|2026-10-24|2026-10-28|2026-10-29|2026-10-31|2026-11-01|2026-11-03|2026-11-04|2026-11-06|2026-11-07|2026-11-11|2026-11-16|2026-11-17|2026-11-19|2026-11-20|2026-11-26|2026-11-27|2026-11-28|2026-11-29|2026-12-01|2026-12-02|2026-12-04|2026-12-05|2026-12-06|2026-12-07|2026-12-09|2026-12-10|2026-12-11|2026-12-12|2026-12-14|2026-12-15|2026-12-17|2026-12-18|2026-12-22|2026-12-23|2026-12-24|2026-12-25|2026-12-26|2026-12-27|2026-12-28|2026-12-29|2026-12-30,"Жания Steppe 21 — динамичный подрядчик направления «Кондитер». Основной профиль: форумы, деловые встречи и образовательные события. Работаем с частными заказчиками, командами и организаторами, адаптируем решение под масштаб площадки и сценарий события. Языки коммуникации: русский, английский."
SYN-0022,Марсель Dala 22,Визажист,Алматы,False,True,230000,False,той|юбилей|корпоратив|свадьба,русский|казахский,5.0,2026-09-23|2026-09-24|2026-09-26|2026-09-28|2026-10-03|2026-10-04|2026-10-09|2026-10-15|2026-10-17|2026-10-24|2026-11-09|2026-11-10|2026-11-14|2026-11-16|2026-11-17|2026-11-18|2026-11-19|2026-11-20|2026-11-23|2026-11-25|2026-11-29|2026-11-30|2026-12-01|2026-12-02|2026-12-03|2026-12-04|2026-12-06|2026-12-08|2026-12-09|2026-12-10|2026-12-12|2026-12-13|2026-12-14|2026-12-15|2026-12-16|2026-12-18|2026-12-19|2026-12-21|2026-12-22|2026-12-23|2026-12-24|2026-12-27|2026-12-28|2026-12-29,"Марсель Dala 22 — гибкий подрядчик направления «Визажист». Основной профиль: семейные торжества с национальными традициями. Работаем с частными заказчиками, командами и организаторами, адаптируем решение под масштаб площадки и сценарий события. Языки коммуникации: русский, казахский."
SYN-0023,Ринат Samal 23,Стилист,Алматы,False,True,350000,False,день рождения|конференция|юбилей,казахский|английский,5.0,2026-09-26|2026-09-27|2026-09-30|2026-10-02|2026-10-03|2026-10-14|2026-10-17|2026-10-21|2026-10-23|2026-10-26|2026-10-28|2026-11-01|2026-11-05|2026-11-06|2026-11-08|2026-11-09|2026-11-10|2026-11-13|2026-11-15|2026-11-19|2026-11-22|2026-11-24|2026-11-26|2026-11-28|2026-12-01|2026-12-03|2026-12-05|2026-12-06|2026-12-07|2026-12-08|2026-12-09|2026-12-11|2026-12-12|2026-12-13|2026-12-14|2026-12-16|2026-12-17|2026-12-18|2026-12-19|2026-12-20|2026-12-21|2026-12-23|2026-12-25|2026-12-26|2026-12-27|2026-12-28|2026-12-29|2026-12-30|2026-12-31,"Ринат Samal 23 — динамичный подрядчик направления «Стилист». Основной профиль: бизнес-сессии, презентации и отраслевые форумы. Работаем с частными заказчиками, командами и организаторами, адаптируем решение под масштаб площадки и сценарий события. Языки коммуникации: казахский, английский."
SYN-0024,Айлин Samal 24,Аниматор,Алматы,False,True,110000,False,корпоратив|конференция|день рождения|юбилей,русский,3.0,2026-09-24|2026-09-25|2026-09-27|2026-09-30|2026-10-04|2026-10-08|2026-10-09|2026-10-11|2026-10-12|2026-10-17|2026-10-18|2026-10-19|2026-10-20|2026-10-23|2026-10-24|2026-10-25|2026-10-31|2026-11-02|2026-11-05|2026-11-06|2026-11-08|2026-11-11|2026-11-14|2026-11-17|2026-11-18|2026-11-20|2026-11-21|2026-11-23|2026-11-25|2026-12-03|2026-12-04|2026-12-05|2026-12-07|2026-12-10|2026-12-12|2026-12-13|2026-12-14|2026-12-15|2026-12-16|2026-12-17|2026-12-19|2026-12-21|2026-12-22|2026-12-25|2026-12-26|2026-12-27|2026-12-29|2026-12-30|2026-12-31,"Айлин Samal 24 — семейный подрядчик направления «Аниматор». Основной профиль: мероприятия с докладами, сценой и потоком гостей. Работаем с частными заказчиками, командами и организаторами, адаптируем решение под масштаб площадки и сценарий события. Языки коммуникации: русский."
SYN-0025,Арсен Silk Road 25,Детская программа,Алматы,False,True,350000,False,корпоратив|конференция|день рождения|той,казахский|английский,12.0,2026-09-23|2026-09-25|2026-09-29|2026-10-01|2026-10-04|2026-10-05|2026-10-09|2026-10-11|2026-10-18|2026-10-20|2026-10-22|2026-10-26|2026-11-01|2026-11-04|2026-11-05|2026-11-08|2026-11-10|2026-11-17|2026-11-18|2026-11-19|2026-11-20|2026-11-22|2026-11-24|2026-11-26|2026-11-27|2026-11-29|2026-11-30|2026-12-02|2026-12-04|2026-12-05|2026-12-06|2026-12-07|2026-12-08|2026-12-10|2026-12-11|2026-12-12|2026-12-14|2026-12-16|2026-12-17|2026-12-22|2026-12-24|2026-12-25|2026-12-27|2026-12-28|2026-12-29|2026-12-30|2026-12-31,"Арсен Silk Road 25 — камерный подрядчик направления «Детская программа». Основной профиль: форумы, деловые встречи и образовательные события. Работаем с частными заказчиками, командами и организаторами, адаптируем решение под масштаб площадки и сценарий события. Языки коммуникации: казахский, английский."
SYN-0026,Данияр Alatau 26,Иллюзионист,Астана,False,True,210000,False,свадьба|юбилей|той|корпоратив|день рождения,русский|казахский,6.0,2026-09-28|2026-10-01|2026-10-02|2026-10-06|2026-10-07|2026-10-09|2026-10-12|2026-10-16|2026-10-18|2026-10-25|2026-10-27|2026-10-30|2026-10-31|2026-11-03|2026-11-07|2026-11-09|2026-11-11|2026-11-12|2026-11-14|2026-11-15|2026-11-20|2026-11-26|2026-11-27|2026-12-01|2026-12-02|2026-12-03|2026-12-04|2026-12-05|2026-12-06|2026-12-07|2026-12-09|2026-12-10|2026-12-11|2026-12-12|2026-12-13|2026-12-15|2026-12-16|2026-12-17|2026-12-18|2026-12-19|2026-12-20|2026-12-21|2026-12-23|2026-12-24|2026-12-25|2026-12-26|2026-12-27|2026-12-28|2026-12-29|2026-12-30,"Данияр Alatau 26 — динамичный подрядчик направления «Иллюзионист». Основной профиль: юбилейные вечера для семей и компаний. Работаем с частными заказчиками, командами и организаторами, адаптируем решение под масштаб площадки и сценарий события. Языки коммуникации: русский, казахский."
SYN-0027,Ринат Nomad 27,Бармен-шоу,Астана,False,True,370000,False,корпоратив|конференция,казахский|английский,3.0,2026-09-24|2026-09-26|2026-09-28|2026-10-01|2026-10-06|2026-10-11|2026-10-17|2026-10-20|2026-10-22|2026-10-25|2026-10-27|2026-10-31|2026-11-06|2026-11-11|2026-11-13|2026-11-14|2026-11-19|2026-11-23|2026-11-28|2026-11-29|2026-11-30|2026-12-02|2026-12-03|2026-12-05|2026-12-06|2026-12-07|2026-12-08|2026-12-09|2026-12-10|2026-12-11|2026-12-12|2026-12-13|2026-12-14|2026-12-15|2026-12-16|2026-12-18|2026-12-19|2026-12-21|2026-12-22|2026-12-23|2026-12-24|2026-12-26|2026-12-28|2026-12-29|2026-12-30,"Ринат Nomad 27 — гибкий подрядчик направления «Бармен-шоу». Основной профиль: деловые праздники и события крупных компаний. Работаем с частными заказчиками, командами и организаторами, адаптируем решение под масштаб площадки и сценарий события. Языки коммуникации: казахский, английский."
SYN-0028,Бекзат Dala 28,Пиротехническое шоу,Астана,False,True,440000,False,свадьба|конференция,казахский,,2026-09-25|2026-09-26|2026-09-27|2026-09-28|2026-09-30|2026-10-03|2026-10-04|2026-10-07|2026-10-08|2026-10-10|2026-10-16|2026-10-18|2026-10-21|2026-10-23|2026-10-24|2026-10-25|2026-10-30|2026-10-31|2026-11-02|2026-11-03|2026-11-05|2026-11-06|2026-11-07|2026-11-09|2026-11-11|2026-11-12|2026-11-13|2026-11-16|2026-11-19|2026-11-20|2026-11-22|2026-11-24|2026-11-27|2026-12-01|2026-12-02|2026-12-03|2026-12-04|2026-12-05|2026-12-06|2026-12-08|2026-12-09|2026-12-10|2026-12-11|2026-12-12|2026-12-13|2026-12-14|2026-12-16|2026-12-17|2026-12-18|2026-12-20|2026-12-21|2026-12-22|2026-12-24|2026-12-25|2026-12-26|2026-12-28|2026-12-29|2026-12-31,"Бекзат Dala 28 — динамичный подрядчик направления «Пиротехническое шоу». Основной профиль: бизнес-сессии, презентации и отраслевые форумы. Работаем с частными заказчиками, командами и организаторами, адаптируем решение под масштаб площадки и сценарий события. Языки коммуникации: казахский."
SYN-0029,Ерасыл Qazaq 29,Технический продакшн,Алматы,False,True,810000,False,день рождения|той|конференция|юбилей|корпоратив,казахский|английский,,2026-09-25|2026-09-28|2026-10-03|2026-10-04|2026-10-07|2026-10-10|2026-10-11|2026-10-12|2026-10-14|2026-10-16|2026-10-17|2026-10-19|2026-10-23|2026-10-24|2026-10-28|2026-10-29|2026-10-31|2026-11-06|2026-11-07|2026-11-08|2026-11-10|2026-11-12|2026-11-13|2026-11-19|2026-11-20|2026-11-21|2026-11-22|2026-11-24|2026-11-25|2026-11-28|2026-11-29|2026-12-03|2026-12-04|2026-12-05|2026-12-06|2026-12-07|2026-12-08|2026-12-09|2026-12-10|2026-12-11|2026-12-12|2026-12-13|2026-12-15|2026-12-16|2026-12-19|2026-12-20|2026-12-22|2026-12-24|2026-12-25|2026-12-31,"Ерасыл Qazaq 29 — деловой подрядчик направления «Технический продакшн». Основной профиль: семейные торжества с национальными традициями. Работаем с частными заказчиками, командами и организаторами, адаптируем решение под масштаб площадки и сценарий события. Языки коммуникации: казахский, английский."
SYN-0030,Сая Shanyraq 30,LED-экраны,Алматы,False,True,780000,False,свадьба|день рождения|конференция,русский|английский,,2026-09-23|2026-09-28|2026-09-30|2026-10-01|2026-10-03|2026-10-04|2026-10-05|2026-10-06|2026-10-16|2026-10-18|2026-10-19|2026-10-20|2026-10-30|2026-11-01|2026-11-06|2026-11-08|2026-11-11|2026-11-13|2026-11-14|2026-11-17|2026-11-18|2026-11-20|2026-11-23|2026-11-26|2026-11-28|2026-11-29|2026-12-01|2026-12-03|2026-12-04|2026-12-05|2026-12-06|2026-12-07|2026-12-08|2026-12-09|2026-12-10|2026-12-11|2026-12-12|2026-12-14|2026-12-15|2026-12-16|2026-12-17|2026-12-18|2026-12-19|2026-12-21|2026-12-22|2026-12-27|2026-12-28|2026-12-30,"Сая Shanyraq 30 — динамичный подрядчик направления «LED-экраны». Основной профиль: частные праздники и тематические вечеринки. Работаем с частными заказчиками, командами и организаторами, адаптируем решение под масштаб площадки и сценарий события. Языки коммуникации: русский, английский."
SYN-0031,Айлин Shanyraq 31,Сценическое оборудование,Астана,False,True,1410000,False,свадьба|той|корпоратив,русский,,2026-09-23|2026-09-24|2026-09-27|2026-10-03|2026-10-06|2026-10-10|2026-10-15|2026-10-16|2026-10-18|2026-10-21|2026-10-23|2026-10-30|2026-11-01|2026-11-08|2026-11-15|2026-11-18|2026-11-20|2026-11-21|2026-11-22|2026-11-23|2026-11-25|2026-12-02|2026-12-03|2026-12-04|2026-12-05|2026-12-08|2026-12-10|2026-12-11|2026-12-12|2026-12-13|2026-12-14|2026-12-15|2026-12-16|2026-12-17|2026-12-18|2026-12-19|2026-12-21|2026-12-23|2026-12-24|2026-12-25|2026-12-26|2026-12-27|2026-12-28|2026-12-30,"Айлин Shanyraq 31 — камерный подрядчик направления «Сценическое оборудование». Основной профиль: романтичные церемонии, welcome-зоны и свадебные вечера. Работаем с частными заказчиками, командами и организаторами, адаптируем решение под масштаб площадки и сценарий события. Языки коммуникации: русский."
SYN-0032,Данияр Arman 32,Трансфер,Алматы,False,True,460000,False,юбилей|корпоратив|свадьба|конференция|той,русский|казахский,,2026-09-24|2026-09-25|2026-09-28|2026-09-29|2026-10-03|2026-10-07|2026-10-08|2026-10-09|2026-10-13|2026-10-14|2026-10-16|2026-10-17|2026-10-18|2026-10-20|2026-10-23|2026-10-26|2026-10-28|2026-10-31|2026-11-01|2026-11-02|2026-11-06|2026-11-08|2026-11-09|2026-11-17|2026-11-20|2026-11-21|2026-11-24|2026-11-26|2026-11-27|2026-12-01|2026-12-02|2026-12-04|2026-12-05|2026-12-06|2026-12-08|2026-12-10|2026-12-13|2026-12-14|2026-12-19|2026-12-21|2026-12-22|2026-12-23|2026-12-25|2026-12-26|2026-12-27|2026-12-28|2026-12-29|2026-12-31,"Данияр Arman 32 — динамичный подрядчик направления «Трансфер». Основной профиль: романтичные церемонии, welcome-зоны и свадебные вечера. Работаем с частными заказчиками, командами и организаторами, адаптируем решение под масштаб площадки и сценарий события. Языки коммуникации: русский, казахский."
SYN-0033,Сая Steppe 33,Event-координатор,Астана,False,True,210000,False,конференция|той|корпоратив|день рождения,русский|казахский,5.0,2026-09-26|2026-10-01|2026-10-02|2026-10-10|2026-10-11|2026-10-12|2026-10-13|2026-10-14|2026-10-21|2026-10-23|2026-10-24|2026-10-25|2026-10-26|2026-10-28|2026-10-30|2026-11-03|2026-11-11|2026-11-14|2026-11-15|2026-11-16|2026-11-20|2026-11-22|2026-11-23|2026-11-24|2026-11-26|2026-11-27|2026-11-29|2026-12-01|2026-12-02|2026-12-03|2026-12-04|2026-12-05|2026-12-06|2026-12-08|2026-12-09|2026-12-10|2026-12-14|2026-12-17|2026-12-20|2026-12-21|2026-12-22|2026-12-23|2026-12-24|2026-12-25|2026-12-26|2026-12-27|2026-12-29|2026-12-31,"Сая Steppe 33 — семейный подрядчик направления «Event-координатор». Основной профиль: дни рождения для взрослых и детей. Работаем с частными заказчиками, командами и организаторами, адаптируем решение под масштаб площадки и сценарий события. Языки коммуникации: русский, казахский."
SYN-0034,Диана Alatau 34,Event-агентство,Алматы,False,True,2280000,False,день рождения|той|юбилей|свадьба|корпоратив,казахский,,2026-09-27|2026-09-29|2026-10-06|2026-10-07|2026-10-09|2026-10-10|2026-10-11|2026-10-12|2026-10-15|2026-10-22|2026-10-23|2026-10-24|2026-10-27|2026-10-30|2026-11-04|2026-11-06|2026-11-10|2026-11-15|2026-11-17|2026-11-19|2026-11-23|2026-11-24|2026-11-27|2026-11-29|2026-12-01|2026-12-02|2026-12-03|2026-12-04|2026-12-05|2026-12-06|2026-12-07|2026-12-08|2026-12-09|2026-12-10|2026-12-11|2026-12-13|2026-12-15|2026-12-16|2026-12-17|2026-12-18|2026-12-20|2026-12-21|2026-12-22|2026-12-23|2026-12-25|2026-12-27|2026-12-28|2026-12-29|2026-12-31,"Диана Alatau 34 — деловой подрядчик направления «Event-агентство». Основной профиль: семейные торжества с национальными традициями. Работаем с частными заказчиками, командами и организаторами, адаптируем решение под масштаб площадки и сценарий события. Языки коммуникации: казахский."
SYN-0035,Диана Alatau 35,Регистрация гостей,Алматы,False,True,430000,False,конференция|день рождения,казахский,4.0,2026-09-23|2026-10-02|2026-10-04|2026-10-08|2026-10-09|2026-10-22|2026-10-30|2026-10-31|2026-11-01|2026-11-04|2026-11-11|2026-11-15|2026-11-16|2026-11-17|2026-11-20|2026-11-26|2026-11-29|2026-11-30|2026-12-01|2026-12-02|2026-12-03|2026-12-04|2026-12-05|2026-12-06|2026-12-07|2026-12-09|2026-12-10|2026-12-12|2026-12-14|2026-12-18|2026-12-19|2026-12-20|2026-12-21|2026-12-22|2026-12-25|2026-12-27|2026-12-28|2026-12-29|2026-12-31,"Диана Alatau 35 — гибкий подрядчик направления «Регистрация гостей». Основной профиль: форумы, деловые встречи и образовательные события. Работаем с частными заказчиками, командами и организаторами, адаптируем решение под масштаб площадки и сценарий события. Языки коммуникации: казахский."
SYN-0036,Мадина Орбита 36,Синхронный перевод,Алматы,False,True,250000,False,свадьба|юбилей|той|конференция|корпоратив,казахский,12.0,2026-09-23|2026-09-25|2026-09-26|2026-09-27|2026-09-28|2026-09-29|2026-09-30|2026-10-10|2026-10-11|2026-10-17|2026-10-20|2026-10-21|2026-10-25|2026-10-30|2026-11-03|2026-11-05|2026-11-06|2026-11-09|2026-11-15|2026-11-20|2026-11-26|2026-11-30|2026-12-01|2026-12-02|2026-12-03|2026-12-04|2026-12-06|2026-12-11|2026-12-12|2026-12-13|2026-12-15|2026-12-16|2026-12-17|2026-12-18|2026-12-19|2026-12-20|2026-12-21|2026-12-25|2026-12-26|2026-12-27|2026-12-30|2026-12-31,"Мадина Орбита 36 — динамичный подрядчик направления «Синхронный перевод». Основной профиль: юбилейные вечера для семей и компаний. Работаем с частными заказчиками, командами и организаторами, адаптируем решение под масштаб площадки и сценарий события. Языки коммуникации: казахский."
SYN-0037,Данияр Samal 37,Стриминг и трансляция,Астана,False,True,1030000,False,конференция|юбилей|корпоратив,казахский,,2026-09-24|2026-09-28|2026-09-29|2026-09-30|2026-10-04|2026-10-07|2026-10-08|2026-10-15|2026-10-16|2026-10-21|2026-10-22|2026-10-23|2026-10-28|2026-11-05|2026-11-09|2026-11-13|2026-11-14|2026-11-15|2026-11-22|2026-11-25|2026-11-28|2026-11-29|2026-12-01|2026-12-04|2026-12-05|2026-12-06|2026-12-07|2026-12-08|2026-12-09|2026-12-10|2026-12-11|2026-12-13|2026-12-15|2026-12-16|2026-12-17|2026-12-18|2026-12-22|2026-12-23|2026-12-24|2026-12-27|2026-12-28|2026-12-29|2026-12-30,"Данияр Samal 37 — гибкий подрядчик направления «Стриминг и трансляция». Основной профиль: деловые праздники и события крупных компаний. Работаем с частными заказчиками, командами и организаторами, адаптируем решение под масштаб площадки и сценарий события. Языки коммуникации: казахский."
SYN-0038,Данияр Орбита 38,Аренда мебели,Зарубежье,False,True,590000,False,корпоратив|юбилей|день рождения|конференция|той,русский|английский,,2026-09-24|2026-09-25|2026-09-26|2026-09-27|2026-09-30|2026-10-03|2026-10-05|2026-10-06|2026-10-10|2026-10-11|2026-10-13|2026-10-14|2026-10-17|2026-10-20|2026-10-24|2026-10-29|2026-11-01|2026-11-04|2026-11-05|2026-11-08|2026-11-11|2026-11-15|2026-11-18|2026-11-19|2026-11-21|2026-11-27|2026-11-28|2026-11-30|2026-12-04|2026-12-05|2026-12-06|2026-12-08|2026-12-11|2026-12-13|2026-12-14|2026-12-15|2026-12-16|2026-12-17|2026-12-18|2026-12-19|2026-12-21|2026-12-23|2026-12-24|2026-12-25|2026-12-26|2026-12-28|2026-12-31,"Данияр Орбита 38 — современный подрядчик направления «Аренда мебели». Основной профиль: тимбилдинги и события для команд. Работаем с частными заказчиками, командами и организаторами, адаптируем решение под масштаб площадки и сценарий события. Языки коммуникации: русский, английский."
SYN-0039,Ринат Aspan 39,Полиграфия,Алматы,False,True,100000,False,конференция|свадьба,русский,,2026-09-23|2026-09-27|2026-10-01|2026-10-05|2026-10-12|2026-10-13|2026-10-16|2026-10-17|2026-10-19|2026-10-21|2026-10-22|2026-10-23|2026-10-25|2026-10-26|2026-11-01|2026-11-02|2026-11-03|2026-11-04|2026-11-05|2026-11-08|2026-11-11|2026-11-13|2026-11-16|2026-11-17|2026-11-20|2026-11-22|2026-11-25|2026-11-27|2026-11-29|2026-12-01|2026-12-02|2026-12-04|2026-12-06|2026-12-08|2026-12-09|2026-12-11|2026-12-12|2026-12-13|2026-12-15|2026-12-19|2026-12-21|2026-12-22|2026-12-23|2026-12-26|2026-12-27|2026-12-29|2026-12-30|2026-12-31,"Ринат Aspan 39 — деловой подрядчик направления «Полиграфия». Основной профиль: бизнес-сессии, презентации и отраслевые форумы. Работаем с частными заказчиками, командами и организаторами, адаптируем решение под масштаб площадки и сценарий события. Языки коммуникации: русский."
SYN-0040,Данияр Aspan 40,Фотозона,Астана,False,True,540000,False,день рождения|той|юбилей|свадьба|корпоратив,русский|казахский,,2026-09-23|2026-09-24|2026-09-25|2026-09-27|2026-10-03|2026-10-04|2026-10-06|2026-10-09|2026-10-12|2026-10-16|2026-10-17|2026-10-19|2026-10-20|2026-10-25|2026-10-26|2026-10-28|2026-10-31|2026-11-02|2026-11-04|2026-11-09|2026-11-13|2026-11-14|2026-11-17|2026-11-22|2026-11-24|2026-11-28|2026-12-01|2026-12-02|2026-12-03|2026-12-04|2026-12-05|2026-12-06|2026-12-07|2026-12-08|2026-12-09|2026-12-11|2026-12-13|2026-12-14|2026-12-15|2026-12-16|2026-12-17|2026-12-18|2026-12-19|2026-12-20|2026-12-21|2026-12-22|2026-12-24|2026-12-25|2026-12-26|2026-12-27|2026-12-28|2026-12-30|2026-12-31,"Данияр Aspan 40 — современный подрядчик направления «Фотозона». Основной профиль: тимбилдинги и события для команд. Работаем с частными заказчиками, командами и организаторами, адаптируем решение под масштаб площадки и сценарий события. Языки коммуникации: русский, казахский."
SYN-0041,Элина Орбита 41,Ведущий,Алматы,False,True,680000,False,юбилей|день рождения|свадьба|конференция|той,русский|английский,5.0,2026-09-24|2026-09-25|2026-09-27|2026-09-28|2026-09-30|2026-10-01|2026-10-02|2026-10-03|2026-10-05|2026-10-06|2026-10-07|2026-10-08|2026-10-11|2026-10-17|2026-10-18|2026-10-19|2026-10-23|2026-10-25|2026-10-26|2026-10-29|2026-11-01|2026-11-02|2026-11-04|2026-11-05|2026-11-10|2026-11-13|2026-11-18|2026-11-19|2026-11-21|2026-11-22|2026-11-26|2026-11-28|2026-11-29|2026-11-30|2026-12-01|2026-12-02|2026-12-04|2026-12-05|2026-12-06|2026-12-07|2026-12-08|2026-12-09|2026-12-10|2026-12-11|2026-12-12|2026-12-13|2026-12-16|2026-12-17|2026-12-18|2026-12-19|2026-12-20|2026-12-21|2026-12-22|2026-12-23|2026-12-24|2026-12-25|2026-12-26|2026-12-27|2026-12-28|2026-12-29|2026-12-30,"Элина Орбита 41 — премиальный подрядчик направления «Ведущий». Основной профиль: частные праздники и тематические вечеринки. Работаем с частными заказчиками, командами и организаторами, адаптируем решение под масштаб площадки и сценарий события. Языки коммуникации: русский, английский."
SYN-0042,Нурлан Aspan 42,Фотограф,Алматы,False,True,450000,False,конференция|юбилей|свадьба,русский|казахский|английский,10.0,2026-09-23|2026-09-24|2026-09-26|2026-09-29|2026-09-30|2026-10-03|2026-10-07|2026-10-08|2026-10-10|2026-10-13|2026-10-15|2026-10-17|2026-10-20|2026-10-21|2026-10-22|2026-10-23|2026-10-27|2026-10-28|2026-10-29|2026-10-31|2026-11-08|2026-11-09|2026-11-10|2026-11-14|2026-11-15|2026-11-17|2026-11-18|2026-11-19|2026-11-20|2026-11-24|2026-11-27|2026-11-29|2026-11-30|2026-12-01|2026-12-02|2026-12-03|2026-12-04|2026-12-05|2026-12-06|2026-12-07|2026-12-08|2026-12-09|2026-12-11|2026-12-12|2026-12-13|2026-12-14|2026-12-16|2026-12-17|2026-12-18|2026-12-19|2026-12-20|2026-12-21|2026-12-23|2026-12-24|2026-12-25|2026-12-26|2026-12-27|2026-12-28|2026-12-29|2026-12-30|2026-12-31,"Нурлан Aspan 42 — премиальный подрядчик направления «Фотограф». Основной профиль: юбилейные вечера для семей и компаний. Работаем с частными заказчиками, командами и организаторами, адаптируем решение под масштаб площадки и сценарий события. Языки коммуникации: русский, казахский, английский."
SYN-0043,Марсель Steppe 43,Видеограф,Алматы,False,True,360000,False,конференция|корпоратив|юбилей|день рождения,русский|английский,4.0,2026-09-26|2026-09-29|2026-10-04|2026-10-05|2026-10-06|2026-10-07|2026-10-09|2026-10-10|2026-10-12|2026-10-13|2026-10-16|2026-10-17|2026-10-18|2026-10-19|2026-10-23|2026-10-28|2026-10-30|2026-10-31|2026-11-01|2026-11-02|2026-11-05|2026-11-06|2026-11-08|2026-11-09|2026-11-13|2026-11-15|2026-11-17|2026-11-18|2026-11-20|2026-11-22|2026-11-26|2026-11-27|2026-11-29|2026-11-30|2026-12-02|2026-12-03|2026-12-04|2026-12-05|2026-12-06|2026-12-07|2026-12-08|2026-12-09|2026-12-10|2026-12-11|2026-12-12|2026-12-13|2026-12-15|2026-12-16|2026-12-17|2026-12-18|2026-12-19|2026-12-20|2026-12-21|2026-12-22|2026-12-23|2026-12-24|2026-12-25|2026-12-26|2026-12-27|2026-12-28|2026-12-31,"Марсель Steppe 43 — масштабный подрядчик направления «Видеограф». Основной профиль: дни рождения для взрослых и детей. Работаем с частными заказчиками, командами и организаторами, адаптируем решение под масштаб площадки и сценарий события. Языки коммуникации: русский, английский."
SYN-0044,Жания Shanyraq 44,Флорист,Астана,False,True,350000,False,день рождения|конференция|юбилей,русский|казахский,,2026-09-23|2026-09-24|2026-09-26|2026-09-29|2026-10-06|2026-10-11|2026-10-13|2026-10-16|2026-10-19|2026-10-22|2026-10-29|2026-10-30|2026-11-04|2026-11-07|2026-11-09|2026-11-12|2026-11-13|2026-11-14|2026-11-16|2026-11-19|2026-11-20|2026-11-21|2026-11-24|2026-11-30|2026-12-03|2026-12-05|2026-12-06|2026-12-07|2026-12-08|2026-12-09|2026-12-10|2026-12-11|2026-12-12|2026-12-14|2026-12-16|2026-12-17|2026-12-18|2026-12-19|2026-12-22|2026-12-23|2026-12-29|2026-12-31,"Жания Shanyraq 44 — динамичный подрядчик направления «Флорист». Основной профиль: персональные торжества и памятные даты. Работаем с частными заказчиками, командами и организаторами, адаптируем решение под масштаб площадки и сценарий события. Языки коммуникации: русский, казахский."
SYN-0045,Жания Alatau 45,Декоратор,Астана,False,True,400000,False,день рождения|юбилей|свадьба|конференция,русский|казахский,,2026-09-24|2026-09-27|2026-09-28|2026-09-29|2026-10-01|2026-10-02|2026-10-03|2026-10-06|2026-10-08|2026-10-14|2026-10-15|2026-10-17|2026-10-24|2026-10-30|2026-10-31|2026-11-01|2026-11-02|2026-11-04|2026-11-06|2026-11-07|2026-11-08|2026-11-12|2026-11-15|2026-11-17|2026-11-21|2026-11-26|2026-11-27|2026-11-29|2026-12-02|2026-12-03|2026-12-04|2026-12-06|2026-12-09|2026-12-11|2026-12-12|2026-12-14|2026-12-16|2026-12-17|2026-12-18|2026-12-19|2026-12-20|2026-12-21|2026-12-23|2026-12-24|2026-12-26|2026-12-27|2026-12-28|2026-12-29|2026-12-30|2026-12-31,"Жания Alatau 45 — динамичный подрядчик направления «Декоратор». Основной профиль: дни рождения для взрослых и детей. Работаем с частными заказчиками, командами и организаторами, адаптируем решение под масштаб площадки и сценарий события. Языки коммуникации: русский, казахский."
SYN-0046,Мира Shanyraq 46,Банкетный зал,Астана,False,True,580000,False,свадьба|юбилей|день рождения|корпоратив|той,русский|английский,3.0,2026-09-23|2026-09-24|2026-09-25|2026-09-30|2026-10-04|2026-10-08|2026-10-09|2026-10-10|2026-10-11|2026-10-13|2026-10-19|2026-10-23|2026-10-24|2026-10-26|2026-10-27|2026-10-28|2026-10-31|2026-11-01|2026-11-02|2026-11-04|2026-11-05|2026-11-07|2026-11-14|2026-11-19|2026-11-21|2026-11-23|2026-11-30|2026-12-02|2026-12-03|2026-12-05|2026-12-07|2026-12-08|2026-12-10|2026-12-11|2026-12-13|2026-12-15|2026-12-16|2026-12-17|2026-12-18|2026-12-19|2026-12-20|2026-12-21|2026-12-22|2026-12-23|2026-12-24|2026-12-25|2026-12-26|2026-12-27|2026-12-30,"Мира Shanyraq 46 — современный подрядчик направления «Банкетный зал». Основной профиль: романтичные церемонии, welcome-зоны и свадебные вечера. Работаем с частными заказчиками, командами и организаторами, адаптируем решение под масштаб площадки и сценарий события. Языки коммуникации: русский, английский."
SYN-0047,Арсен Alatau 47,Ресторан,Астана,False,True,400000,False,конференция|день рождения|той|юбилей,казахский,12.0,2026-09-24|2026-09-26|2026-09-27|2026-09-28|2026-09-29|2026-09-30|2026-10-02|2026-10-03|2026-10-05|2026-10-08|2026-10-10|2026-10-11|2026-10-12|2026-10-13|2026-10-14|2026-10-17|2026-10-19|2026-10-20|2026-10-24|2026-10-25|2026-10-26|2026-10-27|2026-10-28|2026-10-29|2026-10-30|2026-10-31|2026-11-02|2026-11-04|2026-11-06|2026-11-09|2026-11-12|2026-11-13|2026-11-15|2026-11-18|2026-11-19|2026-11-22|2026-11-25|2026-11-26|2026-11-28|2026-11-29|2026-12-01|2026-12-03|2026-12-04|2026-12-05|2026-12-06|2026-12-07|2026-12-08|2026-12-09|2026-12-11|2026-12-12|2026-12-13|2026-12-14|2026-12-16|2026-12-17|2026-12-18|2026-12-19|2026-12-20|2026-12-21|2026-12-22|2026-12-23|2026-12-24|2026-12-25|2026-12-26|2026-12-27|2026-12-29|2026-12-30|2026-12-31,"Арсен Alatau 47 — динамичный подрядчик направления «Ресторан». Основной профиль: юбилейные вечера для семей и компаний. Работаем с частными заказчиками, командами и организаторами, адаптируем решение под масштаб площадки и сценарий события. Языки коммуникации: казахский."
SYN-0048,Бекзат Saryarka 48,Загородная площадка,Астана,False,True,2500000,False,той|свадьба,русский|казахский,4.0,2026-09-23|2026-09-24|2026-09-25|2026-09-28|2026-09-30|2026-10-04|2026-10-08|2026-10-09|2026-10-10|2026-10-12|2026-10-13|2026-10-15|2026-10-16|2026-10-17|2026-10-20|2026-10-22|2026-10-24|2026-10-28|2026-10-29|2026-11-01|2026-11-02|2026-11-10|2026-11-11|2026-11-12|2026-11-15|2026-11-17|2026-11-19|2026-11-22|2026-11-23|2026-11-24|2026-11-26|2026-11-27|2026-11-29|2026-11-30|2026-12-01|2026-12-03|2026-12-04|2026-12-05|2026-12-06|2026-12-07|2026-12-10|2026-12-12|2026-12-13|2026-12-15|2026-12-17|2026-12-19|2026-12-20|2026-12-22|2026-12-24|2026-12-25|2026-12-26|2026-12-27|2026-12-28|2026-12-29,"Бекзат Saryarka 48 — масштабный подрядчик направления «Загородная площадка». Основной профиль: романтичные церемонии, welcome-зоны и свадебные вечера. Работаем с частными заказчиками, командами и организаторами, адаптируем решение под масштаб площадки и сценарий события. Языки коммуникации: русский, казахский."
SYN-0049,Жания Qazaq 49,Отель,Алматы,False,True,1230000,False,свадьба|юбилей|той|день рождения,русский,8.0,2026-09-26|2026-09-29|2026-10-06|2026-10-09|2026-10-12|2026-10-14|2026-10-16|2026-10-23|2026-10-25|2026-10-27|2026-10-28|2026-10-29|2026-10-31|2026-11-02|2026-11-03|2026-11-11|2026-11-13|2026-11-14|2026-11-15|2026-11-17|2026-11-19|2026-11-20|2026-11-22|2026-11-23|2026-11-27|2026-11-30|2026-12-01|2026-12-02|2026-12-03|2026-12-04|2026-12-05|2026-12-08|2026-12-09|2026-12-10|2026-12-11|2026-12-12|2026-12-13|2026-12-15|2026-12-16|2026-12-17|2026-12-18|2026-12-19|2026-12-20|2026-12-23|2026-12-24|2026-12-26|2026-12-27|2026-12-28|2026-12-29|2026-12-31,"Жания Qazaq 49 — семейный подрядчик направления «Отель». Основной профиль: семейные торжества с национальными традициями. Работаем с частными заказчиками, командами и организаторами, адаптируем решение под масштаб площадки и сценарий события. Языки коммуникации: русский."
SYN-0050,Элина Steppe 50,Лайв-бэнд,Алматы,False,True,1030000,False,день рождения|свадьба|юбилей|корпоратив|той,русский|казахский|английский,10.0,2026-09-24|2026-09-26|2026-09-27|2026-10-05|2026-10-06|2026-10-07|2026-10-09|2026-10-10|2026-10-11|2026-10-13|2026-10-14|2026-10-15|2026-10-17|2026-10-19|2026-10-20|2026-10-23|2026-10-24|2026-11-01|2026-11-02|2026-11-07|2026-11-08|2026-11-09|2026-11-12|2026-11-13|2026-11-14|2026-11-15|2026-11-17|2026-11-19|2026-11-20|2026-11-22|2026-11-27|2026-11-28|2026-12-01|2026-12-04|2026-12-06|2026-12-07|2026-12-09|2026-12-10|2026-12-11|2026-12-12|2026-12-13|2026-12-14|2026-12-16|2026-12-17|2026-12-18|2026-12-19|2026-12-21|2026-12-22|2026-12-23|2026-12-24|2026-12-25|2026-12-26|2026-12-28|2026-12-30,"Элина Steppe 50 — деловой подрядчик направления «Лайв-бэнд». Основной профиль: казахские семейные праздники и большие тои. Работаем с частными заказчиками, командами и организаторами, адаптируем решение под масштаб площадки и сценарий события. Языки коммуникации: русский, казахский, английский."
SYN-0051,Мадина Aspan 51,Инструменталист,Астана,False,True,390000,False,той|корпоратив,русский|английский,12.0,2026-09-30|2026-10-10|2026-10-13|2026-10-14|2026-10-16|2026-10-18|2026-10-23|2026-10-25|2026-10-28|2026-10-31|2026-11-08|2026-11-10|2026-11-16|2026-11-19|2026-11-22|2026-11-30|2026-12-03|2026-12-04|2026-12-07|2026-12-08|2026-12-09|2026-12-11|2026-12-12|2026-12-13|2026-12-14|2026-12-15|2026-12-16|2026-12-17|2026-12-18|2026-12-21|2026-12-22|2026-12-23|2026-12-24|2026-12-25|2026-12-26|2026-12-27|2026-12-28|2026-12-29|2026-12-30|2026-12-31,"Мадина Aspan 51 — современный подрядчик направления «Инструменталист». Основной профиль: семейные торжества с национальными традициями. Работаем с частными заказчиками, командами и организаторами, адаптируем решение под масштаб площадки и сценарий события. Языки коммуникации: русский, английский."
SYN-0052,Диана Aurora 52,Национальный ансамбль,Астана,False,True,880000,False,той|корпоратив,русский|казахский,7.0,2026-09-25|2026-09-26|2026-10-03|2026-10-06|2026-10-07|2026-10-10|2026-10-11|2026-10-13|2026-10-14|2026-10-18|2026-10-21|2026-10-25|2026-10-26|2026-10-30|2026-11-07|2026-11-08|2026-11-09|2026-11-11|2026-11-14|2026-11-15|2026-11-16|2026-11-18|2026-11-21|2026-11-27|2026-11-29|2026-11-30|2026-12-01|2026-12-02|2026-12-03|2026-12-04|2026-12-05|2026-12-07|2026-12-08|2026-12-10|2026-12-11|2026-12-13|2026-12-14|2026-12-16|2026-12-17|2026-12-18|2026-12-19|2026-12-22|2026-12-23|2026-12-24|2026-12-25|2026-12-26|2026-12-27|2026-12-28|2026-12-30|2026-12-31,"Диана Aurora 52 — масштабный подрядчик направления «Национальный ансамбль». Основной профиль: семейные торжества с национальными традициями. Работаем с частными заказчиками, командами и организаторами, адаптируем решение под масштаб площадки и сценарий события. Языки коммуникации: русский, казахский."
SYN-0053,Нурлан Qazaq 53,Танцевальный коллектив,Алматы,False,True,520000,False,конференция|юбилей|свадьба,русский,7.0,2026-09-25|2026-09-26|2026-09-29|2026-09-30|2026-10-01|2026-10-02|2026-10-03|2026-10-04|2026-10-05|2026-10-08|2026-10-09|2026-10-18|2026-10-21|2026-10-25|2026-10-26|2026-10-31|2026-11-08|2026-11-12|2026-11-17|2026-11-27|2026-11-28|2026-11-29|2026-12-02|2026-12-03|2026-12-08|2026-12-09|2026-12-11|2026-12-12|2026-12-13|2026-12-14|2026-12-16|2026-12-17|2026-12-18|2026-12-19|2026-12-20|2026-12-21|2026-12-24|2026-12-25|2026-12-26|2026-12-28|2026-12-29|2026-12-30|2026-12-31,"Нурлан Qazaq 53 — гибкий подрядчик направления «Танцевальный коллектив». Основной профиль: персональные торжества и памятные даты. Работаем с частными заказчиками, командами и организаторами, адаптируем решение под масштаб площадки и сценарий события. Языки коммуникации: русский."
SYN-0054,Алихан Dala 54,Шоу-программа,Алматы,False,True,510000,False,корпоратив|той|свадьба|конференция|день рождения,русский|казахский,5.0,2026-09-25|2026-09-27|2026-09-28|2026-10-03|2026-10-04|2026-10-08|2026-10-11|2026-10-12|2026-10-14|2026-10-15|2026-10-17|2026-10-26|2026-10-27|2026-10-29|2026-10-31|2026-11-03|2026-11-04|2026-11-06|2026-11-07|2026-11-09|2026-11-10|2026-11-11|2026-11-12|2026-11-13|2026-11-20|2026-11-22|2026-11-23|2026-11-24|2026-11-28|2026-11-30|2026-12-02|2026-12-05|2026-12-07|2026-12-09|2026-12-10|2026-12-11|2026-12-12|2026-12-13|2026-12-14|2026-12-15|2026-12-16|2026-12-17|2026-12-18|2026-12-19|2026-12-20|2026-12-21|2026-12-22|2026-12-24|2026-12-27|2026-12-29|2026-12-30|2026-12-31,"Алихан Dala 54 — динамичный подрядчик направления «Шоу-программа». Основной профиль: казахские семейные праздники и большие тои. Работаем с частными заказчиками, командами и организаторами, адаптируем решение под масштаб площадки и сценарий события. Языки коммуникации: русский, казахский."
SYN-0055,Элина Aspan 55,Фото и видеобудки,Алматы,False,True,150000,False,корпоратив|юбилей|свадьба|конференция|той,русский|английский,,2026-09-25|2026-09-26|2026-09-27|2026-09-28|2026-09-29|2026-10-02|2026-10-04|2026-10-11|2026-10-16|2026-10-17|2026-10-19|2026-10-24|2026-10-30|2026-11-03|2026-11-04|2026-11-08|2026-11-09|2026-11-10|2026-11-11|2026-11-12|2026-11-13|2026-11-14|2026-11-16|2026-11-19|2026-11-21|2026-11-24|2026-11-27|2026-11-28|2026-12-04|2026-12-05|2026-12-07|2026-12-08|2026-12-09|2026-12-10|2026-12-11|2026-12-13|2026-12-14|2026-12-15|2026-12-17|2026-12-18|2026-12-19|2026-12-21|2026-12-22|2026-12-23|2026-12-24|2026-12-25|2026-12-26|2026-12-27|2026-12-29|2026-12-31,"Элина Aspan 55 — гибкий подрядчик направления «Фото и видеобудки». Основной профиль: романтичные церемонии, welcome-зоны и свадебные вечера. Работаем с частными заказчиками, командами и организаторами, адаптируем решение под масштаб площадки и сценарий события. Языки коммуникации: русский, английский."
SYN-0056,Тимур Samal 56,Подарки и сувениры,Алматы,False,True,510000,False,конференция|свадьба|юбилей,русский|английский,,2026-09-26|2026-09-28|2026-09-29|2026-09-30|2026-10-01|2026-10-07|2026-10-10|2026-10-11|2026-10-12|2026-10-14|2026-10-15|2026-10-19|2026-10-24|2026-10-25|2026-10-30|2026-10-31|2026-11-01|2026-11-12|2026-11-13|2026-11-14|2026-11-15|2026-11-16|2026-11-17|2026-11-21|2026-11-22|2026-11-23|2026-11-24|2026-11-25|2026-11-30|2026-12-01|2026-12-02|2026-12-05|2026-12-06|2026-12-07|2026-12-09|2026-12-13|2026-12-15|2026-12-17|2026-12-18|2026-12-19|2026-12-20|2026-12-22|2026-12-23|2026-12-24|2026-12-25|2026-12-26|2026-12-29|2026-12-31,"Тимур Samal 56 — гибкий подрядчик направления «Подарки и сувениры». Основной профиль: семейные церемонии и торжества для молодожёнов. Работаем с частными заказчиками, командами и организаторами, адаптируем решение под масштаб площадки и сценарий события. Языки коммуникации: русский, английский."
SYN-0057,Алихан Saryarka 57,Ведущий церемонии,Астана,False,True,350000,False,свадьба|юбилей|день рождения|той,русский,4.0,2026-09-24|2026-09-25|2026-09-26|2026-10-01|2026-10-02|2026-10-03|2026-10-04|2026-10-10|2026-10-13|2026-10-14|2026-10-16|2026-10-24|2026-10-27|2026-10-28|2026-11-01|2026-11-03|2026-11-07|2026-11-08|2026-11-14|2026-11-15|2026-11-17|2026-11-24|2026-11-29|2026-12-01|2026-12-03|2026-12-04|2026-12-06|2026-12-07|2026-12-08|2026-12-10|2026-12-11|2026-12-12|2026-12-14|2026-12-15|2026-12-17|2026-12-18|2026-12-19|2026-12-20|2026-12-21|2026-12-22|2026-12-24|2026-12-25|2026-12-28|2026-12-29|2026-12-31,"Алихан Saryarka 57 — современный подрядчик направления «Ведущий церемонии». Основной профиль: юбилейные вечера для семей и компаний. Работаем с частными заказчиками, командами и организаторами, адаптируем решение под масштаб площадки и сценарий события. Языки коммуникации: русский."
SYN-0058,Жания Tulpar 58,DJ,Алматы,False,True,270000,False,конференция|день рождения,русский|казахский,10.0,2026-09-23|2026-09-27|2026-09-28|2026-10-01|2026-10-07|2026-10-10|2026-10-12|2026-10-14|2026-10-16|2026-10-18|2026-10-22|2026-10-25|2026-10-27|2026-10-29|2026-10-30|2026-10-31|2026-11-07|2026-11-10|2026-11-12|2026-11-13|2026-11-14|2026-11-17|2026-11-18|2026-11-19|2026-11-21|2026-11-23|2026-11-25|2026-11-28|2026-11-29|2026-11-30|2026-12-01|2026-12-02|2026-12-03|2026-12-05|2026-12-06|2026-12-07|2026-12-08|2026-12-09|2026-12-10|2026-12-11|2026-12-12|2026-12-14|2026-12-15|2026-12-16|2026-12-17|2026-12-18|2026-12-19|2026-12-20|2026-12-21|2026-12-22|2026-12-25|2026-12-26|2026-12-28|2026-12-29,"Жания Tulpar 58 — деловой подрядчик направления «DJ». Основной профиль: дни рождения для взрослых и детей. Работаем с частными заказчиками, командами и организаторами, адаптируем решение под масштаб площадки и сценарий события. Языки коммуникации: русский, казахский."
SYN-0059,Тимур Nomad 59,Звук и свет,Астана,False,True,680000,False,корпоратив|той,казахский,,2026-09-24|2026-09-25|2026-09-26|2026-09-28|2026-09-29|2026-09-30|2026-10-01|2026-10-06|2026-10-08|2026-10-09|2026-10-11|2026-10-15|2026-10-17|2026-10-18|2026-10-19|2026-10-25|2026-10-26|2026-10-31|2026-11-02|2026-11-04|2026-11-05|2026-11-06|2026-11-07|2026-11-08|2026-11-11|2026-11-12|2026-11-14|2026-11-20|2026-11-23|2026-11-27|2026-11-29|2026-12-01|2026-12-02|2026-12-04|2026-12-06|2026-12-08|2026-12-09|2026-12-10|2026-12-11|2026-12-12|2026-12-13|2026-12-16|2026-12-17|2026-12-18|2026-12-19|2026-12-20|2026-12-24|2026-12-27|2026-12-28|2026-12-31,"Тимур Nomad 59 — деловой подрядчик направления «Звук и свет». Основной профиль: тимбилдинги и события для команд. Работаем с частными заказчиками, командами и организаторами, адаптируем решение под масштаб площадки и сценарий события. Языки коммуникации: казахский."
SYN-0060,Нурлан Shanyraq 60,Кейтеринг,Алматы,False,True,1550000,False,юбилей|конференция|день рождения,казахский|английский,,2026-09-25|2026-09-27|2026-09-29|2026-10-02|2026-10-06|2026-10-09|2026-10-11|2026-10-15|2026-10-16|2026-10-23|2026-10-24|2026-10-26|2026-10-31|2026-11-02|2026-11-04|2026-11-05|2026-11-06|2026-11-07|2026-11-08|2026-11-09|2026-11-15|2026-11-22|2026-11-23|2026-11-30|2026-12-03|2026-12-04|2026-12-05|2026-12-06|2026-12-07|2026-12-09|2026-12-10|2026-12-11|2026-12-13|2026-12-14|2026-12-16|2026-12-17|2026-12-18|2026-12-19|2026-12-22|2026-12-23|2026-12-24|2026-12-25|2026-12-26|2026-12-27|2026-12-28|2026-12-29|2026-12-30|2026-12-31,"Нурлан Shanyraq 60 — масштабный подрядчик направления «Кейтеринг». Основной профиль: персональные торжества и памятные даты. Работаем с частными заказчиками, командами и организаторами, адаптируем решение под масштаб площадки и сценарий события. Языки коммуникации: казахский, английский."
SYN-0061,Элина Saryarka 61,Кондитер,Астана,False,True,280000,False,день рождения|конференция|свадьба|той|корпоратив,русский|казахский,,2026-09-23|2026-09-24|2026-09-29|2026-10-03|2026-10-05|2026-10-07|2026-10-08|2026-10-09|2026-10-11|2026-10-12|2026-10-14|2026-10-15|2026-10-16|2026-10-17|2026-10-18|2026-10-25|2026-10-27|2026-10-28|2026-10-30|2026-11-09|2026-11-10|2026-11-11|2026-11-13|2026-11-24|2026-11-25|2026-11-26|2026-11-28|2026-11-30|2026-12-02|2026-12-03|2026-12-04|2026-12-05|2026-12-06|2026-12-08|2026-12-09|2026-12-10|2026-12-11|2026-12-12|2026-12-13|2026-12-14|2026-12-15|2026-12-17|2026-12-18|2026-12-19|2026-12-20|2026-12-21|2026-12-23|2026-12-24|2026-12-25|2026-12-27|2026-12-28|2026-12-30|2026-12-31,"Элина Saryarka 61 — современный подрядчик направления «Кондитер». Основной профиль: брендовые мероприятия и внутренние события компаний. Работаем с частными заказчиками, командами и организаторами, адаптируем решение под масштаб площадки и сценарий события. Языки коммуникации: русский, казахский."
SYN-0062,Диана Arman 62,Визажист,Астана,False,True,120000,False,день рождения|конференция|юбилей|корпоратив,казахский|английский,3.0,2026-09-27|2026-10-02|2026-10-13|2026-10-14|2026-10-15|2026-10-18|2026-10-21|2026-10-23|2026-10-25|2026-10-29|2026-11-05|2026-11-06|2026-11-08|2026-11-10|2026-11-11|2026-11-12|2026-11-13|2026-11-18|2026-11-20|2026-12-02|2026-12-03|2026-12-04|2026-12-05|2026-12-06|2026-12-08|2026-12-11|2026-12-12|2026-12-13|2026-12-16|2026-12-18|2026-12-19|2026-12-20|2026-12-21|2026-12-22|2026-12-25|2026-12-26|2026-12-27|2026-12-31,"Диана Arman 62 — камерный подрядчик направления «Визажист». Основной профиль: дни рождения для взрослых и детей. Работаем с частными заказчиками, командами и организаторами, адаптируем решение под масштаб площадки и сценарий события. Языки коммуникации: казахский, английский."
SYN-0063,Данияр Arman 63,Стилист,Алматы,False,True,140000,False,корпоратив|конференция|юбилей|той,русский|казахский,4.0,2026-09-25|2026-09-27|2026-09-29|2026-10-01|2026-10-03|2026-10-08|2026-10-10|2026-10-12|2026-10-16|2026-10-17|2026-10-18|2026-10-22|2026-10-25|2026-10-26|2026-10-27|2026-10-31|2026-11-02|2026-11-03|2026-11-08|2026-11-11|2026-11-14|2026-11-18|2026-11-20|2026-11-25|2026-11-28|2026-12-01|2026-12-02|2026-12-03|2026-12-04|2026-12-05|2026-12-06|2026-12-08|2026-12-09|2026-12-10|2026-12-11|2026-12-12|2026-12-14|2026-12-15|2026-12-16|2026-12-17|2026-12-18|2026-12-20|2026-12-21|2026-12-26|2026-12-27|2026-12-28|2026-12-29|2026-12-30,"Данияр Arman 63 — деловой подрядчик направления «Стилист». Основной профиль: деловые праздники и события крупных компаний. Работаем с частными заказчиками, командами и организаторами, адаптируем решение под масштаб площадки и сценарий события. Языки коммуникации: русский, казахский."
SYN-0064,Жания Samal 64,Аниматор,Алматы,False,True,340000,False,день рождения|корпоратив|той|юбилей|свадьба,казахский,5.0,2026-09-27|2026-09-30|2026-10-13|2026-10-14|2026-10-16|2026-10-17|2026-10-19|2026-10-23|2026-10-27|2026-10-29|2026-11-07|2026-11-08|2026-11-09|2026-11-10|2026-11-11|2026-11-13|2026-11-14|2026-11-17|2026-11-19|2026-11-26|2026-11-27|2026-11-29|2026-12-03|2026-12-04|2026-12-06|2026-12-07|2026-12-08|2026-12-10|2026-12-11|2026-12-13|2026-12-14|2026-12-16|2026-12-17|2026-12-18|2026-12-19|2026-12-20|2026-12-23|2026-12-26|2026-12-27|2026-12-30,"Жания Samal 64 — гибкий подрядчик направления «Аниматор». Основной профиль: семейные церемонии и торжества для молодожёнов. Работаем с частными заказчиками, командами и организаторами, адаптируем решение под масштаб площадки и сценарий события. Языки коммуникации: казахский."
SYN-0065,Амина Alatau 65,Детская программа,Алматы,False,True,450000,False,конференция|корпоратив|день рождения,русский|казахский|английский,4.0,2026-09-25|2026-09-30|2026-10-01|2026-10-03|2026-10-07|2026-10-09|2026-10-12|2026-10-15|2026-10-16|2026-10-24|2026-10-25|2026-10-26|2026-11-05|2026-11-06|2026-11-08|2026-11-09|2026-11-10|2026-11-11|2026-11-12|2026-11-13|2026-11-15|2026-11-24|2026-11-29|2026-11-30|2026-12-02|2026-12-03|2026-12-04|2026-12-06|2026-12-07|2026-12-08|2026-12-09|2026-12-10|2026-12-11|2026-12-13|2026-12-15|2026-12-16|2026-12-18|2026-12-19|2026-12-21|2026-12-22|2026-12-23|2026-12-24|2026-12-25|2026-12-27|2026-12-28|2026-12-29|2026-12-30|2026-12-31,"Амина Alatau 65 — гибкий подрядчик направления «Детская программа». Основной профиль: форумы, деловые встречи и образовательные события. Работаем с частными заказчиками, командами и организаторами, адаптируем решение под масштаб площадки и сценарий события. Языки коммуникации: русский, казахский, английский."
SYN-0066,Мадина Орбита 66,Иллюзионист,Астана,False,True,390000,False,корпоратив|юбилей|день рождения,казахский|английский,8.0,2026-09-23|2026-09-30|2026-10-01|2026-10-02|2026-10-06|2026-10-15|2026-10-18|2026-10-22|2026-10-23|2026-10-25|2026-10-29|2026-10-31|2026-11-03|2026-11-04|2026-11-09|2026-11-10|2026-11-13|2026-11-16|2026-11-23|2026-12-01|2026-12-02|2026-12-03|2026-12-06|2026-12-09|2026-12-10|2026-12-11|2026-12-13|2026-12-14|2026-12-15|2026-12-19|2026-12-20|2026-12-21|2026-12-23|2026-12-24|2026-12-25|2026-12-27|2026-12-29,"Мадина Орбита 66 — масштабный подрядчик направления «Иллюзионист». Основной профиль: персональные торжества и памятные даты. Работаем с частными заказчиками, командами и организаторами, адаптируем решение под масштаб площадки и сценарий события. Языки коммуникации: казахский, английский."
SYN-0067,Амина Baiterek 67,Бармен-шоу,Алматы,False,True,440000,False,корпоратив|свадьба|юбилей|той|конференция,русский|казахский,10.0,2026-09-23|2026-09-26|2026-10-02|2026-10-09|2026-10-11|2026-10-12|2026-10-17|2026-10-26|2026-10-29|2026-10-30|2026-10-31|2026-11-03|2026-11-05|2026-11-06|2026-11-12|2026-11-21|2026-11-23|2026-11-26|2026-11-27|2026-11-29|2026-12-02|2026-12-03|2026-12-04|2026-12-05|2026-12-06|2026-12-07|2026-12-08|2026-12-10|2026-12-11|2026-12-12|2026-12-13|2026-12-14|2026-12-15|2026-12-17|2026-12-18|2026-12-19|2026-12-20|2026-12-23|2026-12-25|2026-12-26|2026-12-29|2026-12-30|2026-12-31,"Амина Baiterek 67 — динамичный подрядчик направления «Бармен-шоу». Основной профиль: романтичные церемонии, welcome-зоны и свадебные вечера. Работаем с частными заказчиками, командами и организаторами, адаптируем решение под масштаб площадки и сценарий события. Языки коммуникации: русский, казахский."
SYN-0068,Мадина Shanyraq 68,Пиротехническое шоу,Астана,False,True,670000,False,конференция|свадьба|корпоратив,русский|казахский,,2026-09-24|2026-09-25|2026-09-26|2026-09-27|2026-09-28|2026-10-02|2026-10-03|2026-10-06|2026-10-09|2026-10-10|2026-10-11|2026-10-13|2026-10-14|2026-10-15|2026-10-17|2026-10-21|2026-10-22|2026-10-23|2026-10-24|2026-10-26|2026-10-29|2026-10-31|2026-11-01|2026-11-04|2026-11-07|2026-11-09|2026-11-13|2026-11-14|2026-11-16|2026-11-21|2026-11-24|2026-11-25|2026-11-29|2026-12-02|2026-12-04|2026-12-05|2026-12-06|2026-12-07|2026-12-08|2026-12-10|2026-12-11|2026-12-12|2026-12-14|2026-12-15|2026-12-16|2026-12-17|2026-12-18|2026-12-19|2026-12-21|2026-12-22|2026-12-23|2026-12-24|2026-12-25|2026-12-26|2026-12-27|2026-12-29|2026-12-30|2026-12-31,"Мадина Shanyraq 68 — масштабный подрядчик направления «Пиротехническое шоу». Основной профиль: бизнес-сессии, презентации и отраслевые форумы. Работаем с частными заказчиками, командами и организаторами, адаптируем решение под масштаб площадки и сценарий события. Языки коммуникации: русский, казахский."
SYN-0069,Айлин Qazaq 69,Технический продакшн,Алматы,False,True,1660000,False,юбилей|свадьба|день рождения,русский,,2026-09-24|2026-09-25|2026-10-01|2026-10-03|2026-10-04|2026-10-06|2026-10-09|2026-10-12|2026-10-14|2026-10-15|2026-10-16|2026-10-17|2026-10-18|2026-10-28|2026-10-29|2026-11-02|2026-11-07|2026-11-08|2026-11-09|2026-11-15|2026-11-18|2026-11-19|2026-11-21|2026-11-23|2026-11-27|2026-11-29|2026-12-01|2026-12-03|2026-12-04|2026-12-05|2026-12-06|2026-12-07|2026-12-08|2026-12-11|2026-12-12|2026-12-14|2026-12-15|2026-12-16|2026-12-18|2026-12-20|2026-12-21|2026-12-22|2026-12-23|2026-12-24|2026-12-25|2026-12-27|2026-12-28|2026-12-29,"Айлин Qazaq 69 — современный подрядчик направления «Технический продакшн». Основной профиль: юбилейные вечера для семей и компаний. Работаем с частными заказчиками, командами и организаторами, адаптируем решение под масштаб площадки и сценарий события. Языки коммуникации: русский."
SYN-0070,Жания Arman 70,LED-экраны,Астана,False,True,900000,False,корпоратив|день рождения|юбилей,русский|казахский|английский,,2026-10-02|2026-10-04|2026-10-15|2026-10-20|2026-10-22|2026-10-25|2026-11-06|2026-11-07|2026-11-12|2026-11-14|2026-11-15|2026-11-16|2026-11-17|2026-11-18|2026-11-19|2026-11-20|2026-11-24|2026-11-27|2026-11-28|2026-11-30|2026-12-01|2026-12-02|2026-12-03|2026-12-04|2026-12-05|2026-12-07|2026-12-08|2026-12-09|2026-12-11|2026-12-12|2026-12-14|2026-12-15|2026-12-16|2026-12-17|2026-12-18|2026-12-19|2026-12-20|2026-12-23|2026-12-25|2026-12-26|2026-12-27|2026-12-28|2026-12-29|2026-12-30,"Жания Arman 70 — динамичный подрядчик направления «LED-экраны». Основной профиль: тимбилдинги и события для команд. Работаем с частными заказчиками, командами и организаторами, адаптируем решение под масштаб площадки и сценарий события. Языки коммуникации: русский, казахский, английский."
SYN-0071,Аружан Aurora 71,Сценическое оборудование,Алматы,False,True,1690000,False,конференция|той,казахский|английский,,2026-09-26|2026-09-27|2026-09-30|2026-10-02|2026-10-04|2026-10-07|2026-10-08|2026-10-16|2026-10-18|2026-10-19|2026-10-20|2026-10-21|2026-10-31|2026-11-01|2026-11-02|2026-11-03|2026-11-06|2026-11-07|2026-11-09|2026-11-10|2026-11-13|2026-11-15|2026-11-16|2026-11-17|2026-11-19|2026-11-20|2026-11-21|2026-11-23|2026-11-24|2026-11-28|2026-12-01|2026-12-02|2026-12-03|2026-12-04|2026-12-05|2026-12-07|2026-12-08|2026-12-09|2026-12-10|2026-12-11|2026-12-12|2026-12-13|2026-12-14|2026-12-16|2026-12-18|2026-12-19|2026-12-21|2026-12-24|2026-12-25|2026-12-26|2026-12-27|2026-12-29|2026-12-30|2026-12-31,"Аружан Aurora 71 — динамичный подрядчик направления «Сценическое оборудование». Основной профиль: казахские семейные праздники и большие тои. Работаем с частными заказчиками, командами и организаторами, адаптируем решение под масштаб площадки и сценарий события. Языки коммуникации: казахский, английский."
SYN-0072,Самат Орбита 72,Трансфер,Алматы,False,True,370000,False,корпоратив|день рождения|свадьба|той|конференция,казахский,,2026-09-25|2026-09-26|2026-09-27|2026-10-01|2026-10-02|2026-10-03|2026-10-06|2026-10-08|2026-10-11|2026-10-13|2026-10-16|2026-10-17|2026-10-19|2026-10-20|2026-10-22|2026-10-23|2026-10-26|2026-10-27|2026-10-28|2026-10-30|2026-11-05|2026-11-07|2026-11-08|2026-11-10|2026-11-17|2026-11-19|2026-11-20|2026-11-21|2026-11-23|2026-11-25|2026-11-27|2026-12-01|2026-12-02|2026-12-03|2026-12-04|2026-12-05|2026-12-06|2026-12-07|2026-12-08|2026-12-09|2026-12-10|2026-12-11|2026-12-12|2026-12-13|2026-12-14|2026-12-15|2026-12-16|2026-12-17|2026-12-18|2026-12-19|2026-12-20|2026-12-21|2026-12-24|2026-12-25|2026-12-26|2026-12-27|2026-12-28|2026-12-30|2026-12-31,"Самат Орбита 72 — современный подрядчик направления «Трансфер». Основной профиль: семейные церемонии и торжества для молодожёнов. Работаем с частными заказчиками, командами и организаторами, адаптируем решение под масштаб площадки и сценарий события. Языки коммуникации: казахский."
SYN-0073,Мира Dala 73,Event-координатор,Алматы,False,True,210000,False,свадьба|день рождения|юбилей|конференция|корпоратив,казахский|английский,12.0,2026-09-24|2026-10-04|2026-10-05|2026-10-07|2026-10-09|2026-10-12|2026-10-14|2026-10-16|2026-10-17|2026-10-18|2026-10-19|2026-11-06|2026-11-08|2026-11-12|2026-11-13|2026-11-14|2026-11-15|2026-11-22|2026-11-27|2026-11-28|2026-12-01|2026-12-02|2026-12-03|2026-12-04|2026-12-06|2026-12-09|2026-12-10|2026-12-11|2026-12-13|2026-12-15|2026-12-16|2026-12-17|2026-12-19|2026-12-20|2026-12-21|2026-12-25|2026-12-26|2026-12-27|2026-12-28|2026-12-29|2026-12-30|2026-12-31,"Мира Dala 73 — гибкий подрядчик направления «Event-координатор». Основной профиль: персональные торжества и памятные даты. Работаем с частными заказчиками, командами и организаторами, адаптируем решение под масштаб площадки и сценарий события. Языки коммуникации: казахский, английский."
SYN-0074,Алихан Aspan 74,Event-агентство,Астана,False,True,710000,False,день рождения|той|конференция|свадьба|корпоратив,казахский|английский,,2026-09-25|2026-09-26|2026-09-27|2026-09-30|2026-10-03|2026-10-04|2026-10-05|2026-10-09|2026-10-10|2026-10-12|2026-10-17|2026-10-21|2026-10-22|2026-10-23|2026-10-24|2026-10-25|2026-10-26|2026-11-01|2026-11-03|2026-11-04|2026-11-06|2026-11-08|2026-11-13|2026-11-14|2026-11-16|2026-11-18|2026-11-21|2026-11-27|2026-11-29|2026-11-30|2026-12-01|2026-12-02|2026-12-03|2026-12-04|2026-12-05|2026-12-06|2026-12-07|2026-12-08|2026-12-10|2026-12-11|2026-12-12|2026-12-14|2026-12-16|2026-12-17|2026-12-18|2026-12-20|2026-12-22|2026-12-23|2026-12-24|2026-12-25|2026-12-26|2026-12-27|2026-12-29|2026-12-30|2026-12-31,"Алихан Aspan 74 — камерный подрядчик направления «Event-агентство». Основной профиль: бизнес-сессии, презентации и отраслевые форумы. Работаем с частными заказчиками, командами и организаторами, адаптируем решение под масштаб площадки и сценарий события. Языки коммуникации: казахский, английский."
SYN-0075,Аружан Samal 75,Регистрация гостей,Алматы,False,True,420000,False,свадьба|юбилей,русский|английский,12.0,2026-09-23|2026-09-30|2026-10-03|2026-10-04|2026-10-05|2026-10-07|2026-10-08|2026-10-09|2026-10-11|2026-10-16|2026-10-21|2026-10-23|2026-10-28|2026-10-29|2026-11-01|2026-11-06|2026-11-08|2026-11-10|2026-11-11|2026-11-21|2026-11-22|2026-11-30|2026-12-01|2026-12-02|2026-12-05|2026-12-06|2026-12-07|2026-12-08|2026-12-10|2026-12-11|2026-12-13|2026-12-14|2026-12-15|2026-12-16|2026-12-17|2026-12-19|2026-12-20|2026-12-21|2026-12-23|2026-12-24|2026-12-25|2026-12-26|2026-12-27|2026-12-28|2026-12-29|2026-12-30|2026-12-31,"Аружан Samal 75 — динамичный подрядчик направления «Регистрация гостей». Основной профиль: персональные торжества и памятные даты. Работаем с частными заказчиками, командами и организаторами, адаптируем решение под масштаб площадки и сценарий события. Языки коммуникации: русский, английский."
SYN-0076,Амина Silk Road 76,Синхронный перевод,Астана,False,True,500000,False,той|конференция|корпоратив|день рождения,казахский|английский,12.0,2026-09-26|2026-09-27|2026-09-28|2026-09-29|2026-09-30|2026-10-07|2026-10-09|2026-10-10|2026-10-12|2026-10-13|2026-10-14|2026-10-17|2026-10-18|2026-10-24|2026-10-25|2026-10-29|2026-11-06|2026-11-08|2026-11-13|2026-11-15|2026-11-16|2026-11-17|2026-11-19|2026-11-20|2026-11-22|2026-11-24|2026-11-25|2026-11-28|2026-12-02|2026-12-03|2026-12-04|2026-12-05|2026-12-06|2026-12-08|2026-12-09|2026-12-11|2026-12-12|2026-12-14|2026-12-15|2026-12-16|2026-12-17|2026-12-18|2026-12-21|2026-12-22|2026-12-23|2026-12-24|2026-12-25|2026-12-26|2026-12-28|2026-12-30,"Амина Silk Road 76 — камерный подрядчик направления «Синхронный перевод». Основной профиль: казахские семейные праздники и большие тои. Работаем с частными заказчиками, командами и организаторами, адаптируем решение под масштаб площадки и сценарий события. Языки коммуникации: казахский, английский."
SYN-0077,Лея Baiterek 77,Стриминг и трансляция,Алматы,False,True,1160000,False,конференция|свадьба|той|юбилей,русский|английский,,2026-09-23|2026-09-26|2026-09-27|2026-09-29|2026-10-01|2026-10-05|2026-10-06|2026-10-07|2026-10-08|2026-10-10|2026-10-13|2026-10-17|2026-10-24|2026-10-25|2026-10-27|2026-10-29|2026-11-01|2026-11-13|2026-11-15|2026-11-16|2026-11-17|2026-11-19|2026-11-23|2026-11-25|2026-11-27|2026-11-28|2026-12-01|2026-12-03|2026-12-04|2026-12-06|2026-12-07|2026-12-09|2026-12-11|2026-12-12|2026-12-14|2026-12-16|2026-12-17|2026-12-18|2026-12-20|2026-12-21|2026-12-22|2026-12-23|2026-12-24|2026-12-25|2026-12-26|2026-12-27|2026-12-28|2026-12-31,"Лея Baiterek 77 — семейный подрядчик направления «Стриминг и трансляция». Основной профиль: семейные церемонии и торжества для молодожёнов. Работаем с частными заказчиками, командами и организаторами, адаптируем решение под масштаб площадки и сценарий события. Языки коммуникации: русский, английский."
SYN-0078,Мадина Орбита 78,Аренда мебели,Алматы,False,True,710000,False,корпоратив|той|юбилей|день рождения|конференция,русский,,2026-09-23|2026-09-26|2026-09-27|2026-09-29|2026-10-03|2026-10-07|2026-10-10|2026-10-13|2026-10-14|2026-10-16|2026-10-17|2026-10-18|2026-10-19|2026-10-20|2026-10-24|2026-10-25|2026-10-26|2026-10-28|2026-10-30|2026-10-31|2026-11-03|2026-11-04|2026-11-05|2026-11-11|2026-11-17|2026-11-18|2026-11-21|2026-11-22|2026-11-28|2026-12-01|2026-12-02|2026-12-03|2026-12-04|2026-12-05|2026-12-06|2026-12-08|2026-12-12|2026-12-13|2026-12-14|2026-12-15|2026-12-17|2026-12-18|2026-12-19|2026-12-20|2026-12-21|2026-12-22|2026-12-23|2026-12-24|2026-12-25|2026-12-26|2026-12-27|2026-12-28|2026-12-30,"Мадина Орбита 78 — камерный подрядчик направления «Аренда мебели». Основной профиль: юбилейные вечера для семей и компаний. Работаем с частными заказчиками, командами и организаторами, адаптируем решение под масштаб площадки и сценарий события. Языки коммуникации: русский."
SYN-0079,Данияр Baiterek 79,Полиграфия,Алматы,False,True,260000,False,конференция|день рождения|корпоратив|той,русский,,2026-09-25|2026-09-26|2026-09-27|2026-10-01|2026-10-03|2026-10-04|2026-10-05|2026-10-06|2026-10-08|2026-10-09|2026-10-11|2026-10-14|2026-10-15|2026-10-16|2026-10-18|2026-10-25|2026-10-26|2026-10-28|2026-10-29|2026-11-05|2026-11-08|2026-11-18|2026-11-21|2026-11-22|2026-11-25|2026-11-27|2026-11-30|2026-12-01|2026-12-02|2026-12-03|2026-12-05|2026-12-06|2026-12-10|2026-12-11|2026-12-12|2026-12-15|2026-12-16|2026-12-18|2026-12-19|2026-12-20|2026-12-22|2026-12-23|2026-12-25|2026-12-26|2026-12-27|2026-12-28|2026-12-29|2026-12-30,"Данияр Baiterek 79 — масштабный подрядчик направления «Полиграфия». Основной профиль: мероприятия с докладами, сценой и потоком гостей. Работаем с частными заказчиками, командами и организаторами, адаптируем решение под масштаб площадки и сценарий события. Языки коммуникации: русский."
SYN-0080,Диана Samal 80,Фотозона,Алматы,False,True,590000,False,свадьба|конференция|корпоратив|юбилей,русский|казахский|английский,,2026-09-26|2026-09-28|2026-09-29|2026-10-02|2026-10-11|2026-10-13|2026-10-22|2026-10-25|2026-10-26|2026-10-27|2026-10-28|2026-10-29|2026-10-31|2026-11-04|2026-11-05|2026-11-06|2026-11-07|2026-11-08|2026-11-10|2026-11-14|2026-11-15|2026-11-18|2026-11-23|2026-11-27|2026-11-29|2026-12-01|2026-12-02|2026-12-05|2026-12-07|2026-12-08|2026-12-09|2026-12-11|2026-12-12|2026-12-13|2026-12-15|2026-12-17|2026-12-19|2026-12-20|2026-12-21|2026-12-22|2026-12-23|2026-12-24|2026-12-25|2026-12-26|2026-12-28|2026-12-29|2026-12-30|2026-12-31,"Диана Samal 80 — семейный подрядчик направления «Фотозона». Основной профиль: тимбилдинги и события для команд. Работаем с частными заказчиками, командами и организаторами, адаптируем решение под масштаб площадки и сценарий события. Языки коммуникации: русский, казахский, английский."
SYN-0081,Амина Tulpar 81,Ведущий,Астана,False,True,740000,False,свадьба|день рождения,русский,3.0,2026-09-23|2026-09-24|2026-09-25|2026-10-02|2026-10-08|2026-10-14|2026-10-19|2026-10-22|2026-10-24|2026-10-30|2026-10-31|2026-11-01|2026-11-05|2026-11-06|2026-11-08|2026-11-10|2026-11-12|2026-11-14|2026-11-16|2026-11-17|2026-11-18|2026-11-20|2026-11-21|2026-11-26|2026-11-27|2026-11-29|2026-11-30|2026-12-01|2026-12-02|2026-12-03|2026-12-04|2026-12-05|2026-12-06|2026-12-07|2026-12-08|2026-12-11|2026-12-13|2026-12-14|2026-12-15|2026-12-16|2026-12-17|2026-12-18|2026-12-19|2026-12-20|2026-12-21|2026-12-22|2026-12-24|2026-12-25|2026-12-27|2026-12-28|2026-12-29|2026-12-30|2026-12-31,"Амина Tulpar 81 — деловой подрядчик направления «Ведущий». Основной профиль: семейные церемонии и торжества для молодожёнов. Работаем с частными заказчиками, командами и организаторами, адаптируем решение под масштаб площадки и сценарий события. Языки коммуникации: русский."
SYN-0082,Тимур Aurora 82,Фотограф,Астана,False,True,130000,False,юбилей|свадьба|той|день рождения,русский|казахский|английский,10.0,2026-09-25|2026-09-27|2026-09-28|2026-10-01|2026-10-02|2026-10-03|2026-10-05|2026-10-06|2026-10-07|2026-10-10|2026-10-12|2026-10-13|2026-10-16|2026-10-17|2026-10-18|2026-10-21|2026-10-22|2026-10-24|2026-10-26|2026-10-29|2026-10-30|2026-11-01|2026-11-02|2026-11-04|2026-11-05|2026-11-06|2026-11-08|2026-11-09|2026-11-11|2026-11-13|2026-11-15|2026-11-17|2026-11-18|2026-11-19|2026-11-20|2026-11-23|2026-11-24|2026-11-26|2026-12-02|2026-12-04|2026-12-05|2026-12-06|2026-12-07|2026-12-08|2026-12-09|2026-12-10|2026-12-13|2026-12-15|2026-12-17|2026-12-18|2026-12-19|2026-12-20|2026-12-23|2026-12-24|2026-12-26|2026-12-27|2026-12-28|2026-12-30,"Тимур Aurora 82 — деловой подрядчик направления «Фотограф». Основной профиль: юбилейные вечера для семей и компаний. Работаем с частными заказчиками, командами и организаторами, адаптируем решение под масштаб площадки и сценарий события. Языки коммуникации: русский, казахский, английский."
SYN-0083,Жания Samal 83,Видеограф,Астана,False,True,760000,False,свадьба|той|день рождения|конференция|юбилей,казахский|английский,10.0,2026-09-24|2026-09-25|2026-09-26|2026-09-27|2026-09-28|2026-09-29|2026-10-01|2026-10-02|2026-10-03|2026-10-05|2026-10-09|2026-10-10|2026-10-12|2026-10-14|2026-10-17|2026-10-19|2026-10-20|2026-10-21|2026-10-23|2026-10-24|2026-10-25|2026-10-27|2026-10-29|2026-10-31|2026-11-02|2026-11-03|2026-11-05|2026-11-06|2026-11-08|2026-11-10|2026-11-14|2026-11-17|2026-11-18|2026-11-21|2026-11-22|2026-11-25|2026-11-28|2026-11-30|2026-12-01|2026-12-02|2026-12-03|2026-12-04|2026-12-05|2026-12-07|2026-12-08|2026-12-09|2026-12-10|2026-12-11|2026-12-12|2026-12-13|2026-12-14|2026-12-15|2026-12-16|2026-12-17|2026-12-18|2026-12-19|2026-12-20|2026-12-21|2026-12-22|2026-12-23|2026-12-24|2026-12-25|2026-12-26|2026-12-28|2026-12-30|2026-12-31,"Жания Samal 83 — деловой подрядчик направления «Видеограф». Основной профиль: семейные торжества с национальными традициями. Работаем с частными заказчиками, командами и организаторами, адаптируем решение под масштаб площадки и сценарий события. Языки коммуникации: казахский, английский."
SYN-0084,Айлин Shanyraq 84,Флорист,Астана,False,True,320000,False,свадьба|день рождения|юбилей|той|конференция,русский|английский,,2026-09-23|2026-09-24|2026-09-26|2026-09-27|2026-09-29|2026-10-04|2026-10-05|2026-10-07|2026-10-09|2026-10-10|2026-10-11|2026-10-19|2026-10-20|2026-10-24|2026-11-03|2026-11-07|2026-11-11|2026-11-16|2026-11-17|2026-11-20|2026-11-21|2026-11-26|2026-11-27|2026-11-29|2026-11-30|2026-12-01|2026-12-02|2026-12-04|2026-12-05|2026-12-06|2026-12-08|2026-12-09|2026-12-10|2026-12-11|2026-12-12|2026-12-13|2026-12-17|2026-12-18|2026-12-19|2026-12-20|2026-12-21|2026-12-22|2026-12-26|2026-12-27|2026-12-28|2026-12-29|2026-12-30,"Айлин Shanyraq 84 — деловой подрядчик направления «Флорист». Основной профиль: бизнес-сессии, презентации и отраслевые форумы. Работаем с частными заказчиками, командами и организаторами, адаптируем решение под масштаб площадки и сценарий события. Языки коммуникации: русский, английский."
SYN-0085,Ринат Tulpar 85,Декоратор,Астана,False,True,850000,False,той|юбилей|свадьба,казахский,,2026-09-23|2026-09-26|2026-09-27|2026-09-28|2026-09-29|2026-09-30|2026-10-03|2026-10-04|2026-10-06|2026-10-12|2026-10-13|2026-10-18|2026-10-19|2026-10-21|2026-10-23|2026-10-24|2026-10-27|2026-10-31|2026-11-01|2026-11-05|2026-11-06|2026-11-08|2026-11-14|2026-11-19|2026-11-20|2026-11-22|2026-11-25|2026-11-28|2026-12-01|2026-12-02|2026-12-04|2026-12-05|2026-12-07|2026-12-10|2026-12-11|2026-12-12|2026-12-13|2026-12-14|2026-12-16|2026-12-17|2026-12-18|2026-12-19|2026-12-20|2026-12-23|2026-12-25|2026-12-27|2026-12-29|2026-12-30|2026-12-31,"Ринат Tulpar 85 — гибкий подрядчик направления «Декоратор». Основной профиль: семейные церемонии и торжества для молодожёнов. Работаем с частными заказчиками, командами и организаторами, адаптируем решение под масштаб площадки и сценарий события. Языки коммуникации: казахский."
SYN-0086,Элина Silk Road 86,Банкетный зал,Астана,False,True,1260000,False,свадьба|корпоратив,русский,5.0,2026-09-25|2026-09-27|2026-09-28|2026-10-02|2026-10-03|2026-10-04|2026-10-06|2026-10-07|2026-10-10|2026-10-12|2026-10-14|2026-10-15|2026-10-16|2026-10-19|2026-10-20|2026-10-23|2026-10-24|2026-10-28|2026-10-29|2026-11-01|2026-11-02|2026-11-04|2026-11-05|2026-11-08|2026-11-09|2026-11-11|2026-11-14|2026-11-16|2026-11-17|2026-11-19|2026-11-20|2026-11-22|2026-11-25|2026-11-28|2026-11-29|2026-11-30|2026-12-01|2026-12-02|2026-12-03|2026-12-04|2026-12-05|2026-12-06|2026-12-07|2026-12-08|2026-12-09|2026-12-10|2026-12-11|2026-12-12|2026-12-13|2026-12-14|2026-12-15|2026-12-17|2026-12-18|2026-12-19|2026-12-20|2026-12-21|2026-12-22|2026-12-23|2026-12-24|2026-12-25|2026-12-26|2026-12-27|2026-12-28|2026-12-29|2026-12-30,"Элина Silk Road 86 — деловой подрядчик направления «Банкетный зал». Основной профиль: тимбилдинги и события для команд. Работаем с частными заказчиками, командами и организаторами, адаптируем решение под масштаб площадки и сценарий события. Языки коммуникации: русский."
SYN-0087,Ерасыл Alatau 87,Ресторан,Астана,False,True,2080000,False,корпоратив|юбилей|свадьба,казахский|английский,10.0,2026-09-23|2026-09-25|2026-09-27|2026-09-29|2026-09-30|2026-10-02|2026-10-04|2026-10-08|2026-10-09|2026-10-11|2026-10-14|2026-10-16|2026-10-17|2026-10-18|2026-10-20|2026-10-21|2026-10-23|2026-10-25|2026-10-29|2026-10-31|2026-11-01|2026-11-02|2026-11-04|2026-11-05|2026-11-06|2026-11-08|2026-11-09|2026-11-11|2026-11-13|2026-11-15|2026-11-17|2026-11-18|2026-11-19|2026-11-20|2026-11-21|2026-11-24|2026-11-25|2026-11-26|2026-11-30|2026-12-01|2026-12-02|2026-12-03|2026-12-05|2026-12-06|2026-12-07|2026-12-08|2026-12-09|2026-12-11|2026-12-12|2026-12-13|2026-12-16|2026-12-17|2026-12-18|2026-12-19|2026-12-20|2026-12-21|2026-12-22|2026-12-23|2026-12-24|2026-12-25|2026-12-26|2026-12-27|2026-12-28|2026-12-29|2026-12-30|2026-12-31,"Ерасыл Alatau 87 — современный подрядчик направления «Ресторан». Основной профиль: брендовые мероприятия и внутренние события компаний. Работаем с частными заказчиками, командами и организаторами, адаптируем решение под масштаб площадки и сценарий события. Языки коммуникации: казахский, английский."
SYN-0088,Диана Silk Road 88,Загородная площадка,Астана,False,True,760000,False,корпоратив|той|конференция|день рождения,русский,12.0,2026-09-23|2026-09-26|2026-09-30|2026-10-02|2026-10-09|2026-10-10|2026-10-12|2026-10-19|2026-10-20|2026-10-24|2026-10-26|2026-10-30|2026-10-31|2026-11-02|2026-11-06|2026-11-07|2026-11-09|2026-11-12|2026-11-14|2026-11-15|2026-11-17|2026-11-18|2026-11-19|2026-11-20|2026-11-21|2026-11-27|2026-11-29|2026-11-30|2026-12-05|2026-12-06|2026-12-08|2026-12-09|2026-12-10|2026-12-13|2026-12-15|2026-12-16|2026-12-17|2026-12-18|2026-12-19|2026-12-20|2026-12-22|2026-12-25|2026-12-26|2026-12-27|2026-12-28|2026-12-29|2026-12-30,"Диана Silk Road 88 — гибкий подрядчик направления «Загородная площадка». Основной профиль: бизнес-сессии, презентации и отраслевые форумы. Работаем с частными заказчиками, командами и организаторами, адаптируем решение под масштаб площадки и сценарий события. Языки коммуникации: русский."
SYN-0089,Мадина Qazaq 89,Отель,Астана,False,True,360000,False,день рождения|той|юбилей|корпоратив,русский,10.0,2026-09-24|2026-09-29|2026-09-30|2026-10-02|2026-10-03|2026-10-07|2026-10-10|2026-10-11|2026-10-13|2026-10-14|2026-10-15|2026-10-18|2026-10-23|2026-10-25|2026-10-28|2026-10-29|2026-10-30|2026-11-01|2026-11-02|2026-11-04|2026-11-05|2026-11-07|2026-11-08|2026-11-11|2026-11-17|2026-11-19|2026-11-20|2026-11-21|2026-11-22|2026-11-27|2026-11-29|2026-11-30|2026-12-01|2026-12-02|2026-12-03|2026-12-05|2026-12-06|2026-12-08|2026-12-11|2026-12-14|2026-12-16|2026-12-18|2026-12-19|2026-12-21|2026-12-22|2026-12-24|2026-12-25|2026-12-26|2026-12-27|2026-12-28|2026-12-30|2026-12-31,"Мадина Qazaq 89 — камерный подрядчик направления «Отель». Основной профиль: казахские семейные праздники и большие тои. Работаем с частными заказчиками, командами и организаторами, адаптируем решение под масштаб площадки и сценарий события. Языки коммуникации: русский."
SYN-0090,Ринат Saryarka 90,Лайв-бэнд,Зарубежье,False,True,1030000,False,конференция|юбилей|той|свадьба|день рождения,русский|казахский,7.0,2026-09-23|2026-09-24|2026-09-25|2026-09-30|2026-10-02|2026-10-06|2026-10-11|2026-10-23|2026-10-24|2026-10-25|2026-10-27|2026-10-28|2026-10-29|2026-10-31|2026-11-01|2026-11-06|2026-11-08|2026-11-16|2026-11-17|2026-11-20|2026-11-26|2026-12-01|2026-12-02|2026-12-05|2026-12-06|2026-12-07|2026-12-08|2026-12-10|2026-12-11|2026-12-12|2026-12-13|2026-12-14|2026-12-15|2026-12-16|2026-12-18|2026-12-20|2026-12-21|2026-12-22|2026-12-23|2026-12-26|2026-12-28|2026-12-29|2026-12-31,"Ринат Saryarka 90 — динамичный подрядчик направления «Лайв-бэнд». Основной профиль: юбилейные вечера для семей и компаний. Работаем с частными заказчиками, командами и организаторами, адаптируем решение под масштаб площадки и сценарий события. Языки коммуникации: русский, казахский."
SYN-0091,Амина Shanyraq 91,Инструменталист,Зарубежье,False,True,430000,False,свадьба|корпоратив,русский|казахский,4.0,2026-09-23|2026-09-25|2026-09-27|2026-09-28|2026-09-29|2026-10-02|2026-10-03|2026-10-04|2026-10-07|2026-10-08|2026-10-13|2026-10-17|2026-10-19|2026-10-23|2026-10-24|2026-10-26|2026-11-01|2026-11-02|2026-11-03|2026-11-05|2026-11-06|2026-11-14|2026-11-16|2026-11-18|2026-11-19|2026-11-21|2026-11-22|2026-11-26|2026-11-29|2026-12-02|2026-12-03|2026-12-04|2026-12-05|2026-12-06|2026-12-07|2026-12-08|2026-12-10|2026-12-11|2026-12-13|2026-12-14|2026-12-18|2026-12-20|2026-12-22|2026-12-24|2026-12-25|2026-12-26|2026-12-27|2026-12-28|2026-12-29|2026-12-30|2026-12-31,"Амина Shanyraq 91 — камерный подрядчик направления «Инструменталист». Основной профиль: семейные церемонии и торжества для молодожёнов. Работаем с частными заказчиками, командами и организаторами, адаптируем решение под масштаб площадки и сценарий события. Языки коммуникации: русский, казахский."
SYN-0092,Аружан Qazaq 92,Национальный ансамбль,Зарубежье,False,True,630000,False,той|корпоратив|свадьба|юбилей,русский|казахский,3.0,2026-09-26|2026-09-28|2026-09-29|2026-09-30|2026-10-02|2026-10-04|2026-10-09|2026-10-11|2026-10-13|2026-10-16|2026-10-17|2026-10-25|2026-10-29|2026-10-30|2026-10-31|2026-11-05|2026-11-11|2026-11-13|2026-11-15|2026-11-16|2026-11-17|2026-11-24|2026-11-25|2026-11-27|2026-11-30|2026-12-02|2026-12-03|2026-12-04|2026-12-05|2026-12-06|2026-12-07|2026-12-08|2026-12-10|2026-12-11|2026-12-12|2026-12-13|2026-12-14|2026-12-16|2026-12-19|2026-12-20|2026-12-21|2026-12-22|2026-12-23|2026-12-24|2026-12-25|2026-12-26|2026-12-27|2026-12-31,"Аружан Qazaq 92 — масштабный подрядчик направления «Национальный ансамбль». Основной профиль: юбилейные вечера для семей и компаний. Работаем с частными заказчиками, командами и организаторами, адаптируем решение под масштаб площадки и сценарий события. Языки коммуникации: русский, казахский."
SYN-0093,Бекзат Shanyraq 93,Танцевальный коллектив,Алматы,False,True,640000,False,день рождения|свадьба|той|юбилей|конференция,русский,4.0,2026-09-26|2026-09-29|2026-10-05|2026-10-09|2026-10-11|2026-10-16|2026-10-17|2026-10-19|2026-10-20|2026-10-28|2026-11-11|2026-11-12|2026-11-14|2026-11-15|2026-11-16|2026-11-20|2026-11-22|2026-11-24|2026-11-27|2026-11-28|2026-12-02|2026-12-04|2026-12-06|2026-12-07|2026-12-09|2026-12-10|2026-12-11|2026-12-12|2026-12-14|2026-12-15|2026-12-16|2026-12-18|2026-12-19|2026-12-20|2026-12-21|2026-12-22|2026-12-24|2026-12-25|2026-12-26|2026-12-28|2026-12-29|2026-12-30|2026-12-31,"Бекзат Shanyraq 93 — гибкий подрядчик направления «Танцевальный коллектив». Основной профиль: семейные церемонии и торжества для молодожёнов. Работаем с частными заказчиками, командами и организаторами, адаптируем решение под масштаб площадки и сценарий события. Языки коммуникации: русский."
SYN-0094,Айлин Qazaq 94,Шоу-программа,Астана,False,True,1160000,False,корпоратив|той|день рождения|свадьба|конференция,русский|английский,6.0,2026-09-23|2026-09-24|2026-09-26|2026-09-27|2026-09-29|2026-10-02|2026-10-04|2026-10-05|2026-10-06|2026-10-07|2026-10-08|2026-10-10|2026-10-17|2026-10-21|2026-11-03|2026-11-05|2026-11-07|2026-11-08|2026-11-09|2026-11-10|2026-11-13|2026-11-14|2026-11-15|2026-11-19|2026-11-20|2026-11-21|2026-11-27|2026-12-01|2026-12-03|2026-12-04|2026-12-05|2026-12-06|2026-12-07|2026-12-08|2026-12-09|2026-12-10|2026-12-11|2026-12-12|2026-12-13|2026-12-15|2026-12-16|2026-12-17|2026-12-19|2026-12-20|2026-12-21|2026-12-23|2026-12-24|2026-12-25|2026-12-26|2026-12-27|2026-12-30,"Айлин Qazaq 94 — премиальный подрядчик направления «Шоу-программа». Основной профиль: форумы, деловые встречи и образовательные события. Работаем с частными заказчиками, командами и организаторами, адаптируем решение под масштаб площадки и сценарий события. Языки коммуникации: русский, английский."
SYN-0095,Лея Samal 95,Фото и видеобудки,Алматы,False,True,350000,False,юбилей|день рождения|той,русский|казахский|английский,,2026-09-29|2026-10-02|2026-10-04|2026-10-05|2026-10-14|2026-10-16|2026-10-18|2026-10-19|2026-10-21|2026-10-22|2026-10-24|2026-10-25|2026-11-08|2026-11-15|2026-11-30|2026-12-01|2026-12-02|2026-12-03|2026-12-04|2026-12-05|2026-12-06|2026-12-07|2026-12-08|2026-12-09|2026-12-11|2026-12-12|2026-12-13|2026-12-15|2026-12-16|2026-12-17|2026-12-18|2026-12-20|2026-12-23|2026-12-24|2026-12-25|2026-12-26|2026-12-27|2026-12-28|2026-12-29|2026-12-31,"Лея Samal 95 — премиальный подрядчик направления «Фото и видеобудки». Основной профиль: дни рождения для взрослых и детей. Работаем с частными заказчиками, командами и организаторами, адаптируем решение под масштаб площадки и сценарий события. Языки коммуникации: русский, казахский, английский."
SYN-0096,Лея Орбита 96,Подарки и сувениры,Алматы,False,True,460000,False,корпоратив|той|юбилей,русский|казахский|английский,,2026-09-23|2026-09-25|2026-09-26|2026-09-27|2026-09-29|2026-09-30|2026-10-02|2026-10-03|2026-10-07|2026-10-09|2026-10-11|2026-10-12|2026-10-13|2026-10-14|2026-10-16|2026-10-23|2026-10-25|2026-10-27|2026-10-28|2026-11-02|2026-11-09|2026-11-11|2026-11-15|2026-11-16|2026-11-17|2026-11-24|2026-11-26|2026-11-28|2026-11-29|2026-11-30|2026-12-01|2026-12-02|2026-12-04|2026-12-06|2026-12-07|2026-12-08|2026-12-11|2026-12-12|2026-12-13|2026-12-14|2026-12-20|2026-12-23|2026-12-24|2026-12-25|2026-12-26|2026-12-27|2026-12-28|2026-12-29,"Лея Орбита 96 — современный подрядчик направления «Подарки и сувениры». Основной профиль: юбилейные вечера для семей и компаний. Работаем с частными заказчиками, командами и организаторами, адаптируем решение под масштаб площадки и сценарий события. Языки коммуникации: русский, казахский, английский."
SYN-0097,Сая Steppe 97,Ведущий церемонии,Алматы,False,True,270000,False,юбилей|конференция|той|день рождения,русский|казахский|английский,12.0,2026-09-27|2026-10-01|2026-10-03|2026-10-04|2026-10-10|2026-10-14|2026-10-15|2026-10-19|2026-10-21|2026-10-25|2026-10-27|2026-10-28|2026-10-29|2026-11-02|2026-11-03|2026-11-04|2026-11-05|2026-11-06|2026-11-09|2026-11-13|2026-11-15|2026-11-17|2026-11-19|2026-11-23|2026-11-25|2026-12-01|2026-12-03|2026-12-09|2026-12-10|2026-12-11|2026-12-12|2026-12-13|2026-12-14|2026-12-15|2026-12-16|2026-12-18|2026-12-19|2026-12-22|2026-12-23|2026-12-24|2026-12-26|2026-12-27|2026-12-28|2026-12-29|2026-12-31,"Сая Steppe 97 — камерный подрядчик направления «Ведущий церемонии». Основной профиль: казахские семейные праздники и большие тои. Работаем с частными заказчиками, командами и организаторами, адаптируем решение под масштаб площадки и сценарий события. Языки коммуникации: русский, казахский, английский."
SYN-0098,Данияр Samal 98,DJ,Алматы,False,True,400000,False,той|корпоратив|конференция|юбилей|свадьба,казахский|английский,10.0,2026-09-23|2026-09-26|2026-09-29|2026-10-01|2026-10-02|2026-10-03|2026-10-04|2026-10-05|2026-10-06|2026-10-12|2026-10-15|2026-10-16|2026-10-17|2026-10-21|2026-10-23|2026-10-25|2026-10-26|2026-10-27|2026-10-29|2026-10-30|2026-10-31|2026-11-01|2026-11-02|2026-11-03|2026-11-04|2026-11-06|2026-11-07|2026-11-08|2026-11-10|2026-11-12|2026-11-15|2026-11-19|2026-11-22|2026-11-25|2026-11-26|2026-11-28|2026-12-01|2026-12-02|2026-12-03|2026-12-04|2026-12-05|2026-12-06|2026-12-07|2026-12-08|2026-12-09|2026-12-10|2026-12-12|2026-12-13|2026-12-15|2026-12-16|2026-12-17|2026-12-18|2026-12-19|2026-12-20|2026-12-21|2026-12-23|2026-12-24|2026-12-25|2026-12-26|2026-12-27|2026-12-28|2026-12-29|2026-12-30,"Данияр Samal 98 — гибкий подрядчик направления «DJ». Основной профиль: брендовые мероприятия и внутренние события компаний. Работаем с частными заказчиками, командами и организаторами, адаптируем решение под масштаб площадки и сценарий события. Языки коммуникации: казахский, английский."
SYN-0099,Аружан Silk Road 99,Звук и свет,Алматы,False,True,1000000,False,той|день рождения,казахский,,2026-09-23|2026-09-25|2026-10-02|2026-10-05|2026-10-09|2026-10-11|2026-10-16|2026-10-17|2026-10-19|2026-10-22|2026-10-24|2026-10-25|2026-10-27|2026-10-30|2026-11-08|2026-11-17|2026-11-26|2026-11-27|2026-11-28|2026-11-29|2026-12-04|2026-12-05|2026-12-06|2026-12-09|2026-12-11|2026-12-12|2026-12-13|2026-12-14|2026-12-15|2026-12-16|2026-12-17|2026-12-18|2026-12-19|2026-12-20|2026-12-22|2026-12-23|2026-12-24|2026-12-26|2026-12-27|2026-12-28|2026-12-29,"Аружан Silk Road 99 — динамичный подрядчик направления «Звук и свет». Основной профиль: дни рождения для взрослых и детей. Работаем с частными заказчиками, командами и организаторами, адаптируем решение под масштаб площадки и сценарий события. Языки коммуникации: казахский."
SYN-0100,Мадина Steppe 100,Кейтеринг,Алматы,False,True,1000000,False,конференция|юбилей|свадьба|день рождения|той,русский|казахский|английский,,2026-09-27|2026-09-28|2026-10-04|2026-10-07|2026-10-09|2026-10-10|2026-10-12|2026-10-14|2026-10-15|2026-10-21|2026-10-23|2026-10-24|2026-10-25|2026-10-26|2026-10-27|2026-10-30|2026-10-31|2026-11-01|2026-11-04|2026-11-07|2026-11-08|2026-11-11|2026-11-12|2026-11-17|2026-11-18|2026-11-19|2026-11-20|2026-11-27|2026-12-02|2026-12-03|2026-12-04|2026-12-05|2026-12-06|2026-12-07|2026-12-08|2026-12-10|2026-12-11|2026-12-12|2026-12-13|2026-12-14|2026-12-17|2026-12-18|2026-12-20|2026-12-21|2026-12-23|2026-12-24|2026-12-25|2026-12-26|2026-12-27|2026-12-28|2026-12-29|2026-12-31,"Мадина Steppe 100 — гибкий подрядчик направления «Кейтеринг». Основной профиль: дни рождения для взрослых и детей. Работаем с частными заказчиками, командами и организаторами, адаптируем решение под масштаб площадки и сценарий события. Языки коммуникации: русский, казахский, английский."
